交易日期,作物代號,作物名稱,市場代號,市場名稱,上價,中價,下價,平均價,交易量,
106.12.11,rest,休市,104,台北二,0,0,0,0,0,
106.12.11,FA001,康乃馨-混合色,105,台北市場,36,36,36,36,30,
106.12.11,FA800,康乃馨-多朵(混色),105,台北市場,40,37,24,35,372,
106.12.11,FA810,康乃馨-多朵紅,105,台北市場,20,18,16,18.2,54,
106.12.11,FA811,康乃馨-多朵櫻紅,105,台北市場,25,25,25,25,38,
106.12.11,FA840,康乃馨-多朵粉,105,台北市場,50,45,40,44.9,74,
106.12.11,FA860,康乃馨-多朵白,105,台北市場,42,42,42,42,30,
106.12.11,FA900,小可愛-(混色),105,台北市場,31,31,31,31,40,
106.12.11,FA910,小可愛-紅,105,台北市場,34,34,34,34,120,
106.12.11,FA985,美女撫子-綠石竹,105,台北市場,134,98,62,98.1,262,
106.12.11,FB000,火鶴花-火鶴花,105,台北市場,13,12,10,11.8,107,
106.12.11,FB104,火鶴花-小耳朵,105,台北市場,0,0,0,0,0,
106.12.11,FB106,火鶴花-丘比特,105,台北市場,17,16,9,14.6,1677,
106.12.11,FB111,火鶴花-月光,105,台北市場,14,11,7,11.2,304,
106.12.11,FB302,火鶴花-黃瑪莉,105,台北市場,18,11,7,11.6,333,
106.12.11,FB407,火鶴花-夢幻,105,台北市場,7,7,7,7,34,
106.12.11,FB415,火鶴花-羅莎,105,台北市場,15,10,5,10.2,313,
106.12.11,FB419,火鶴花-太極,105,台北市場,15,11,5,10.5,131,
106.12.11,FB420,火鶴花-小紅莓,105,台北市場,5,5,5,5,104,
106.12.11,FB425,火鶴花-吉祥,105,台北市場,10,10,10,10,50,
106.12.11,FB500,火鶴花-翠綠,105,台北市場,16,12,6,11.4,270,
106.12.11,FB504,火鶴花-雷夢娜,105,台北市場,9,8,6,7.5,99,
106.12.11,FB509,火鶴花-森林,105,台北市場,17,17,16,16.7,120,
106.12.11,FB601,火鶴花-白青心,105,台北市場,7,7,6,6.7,145,
106.12.11,FB805,火鶴花-黑珍珠,105,台北市場,16,14,11,13.5,185,
106.12.11,FC000,大菊-大菊,105,台北市場,113,61,41,67.4,253,
106.12.11,FC100,大菊-紅,105,台北市場,50,50,50,50,40,
106.12.11,FC205,大菊-金莎,105,台北市場,98,98,98,98,13,
106.12.11,FC300,大菊-黃,105,台北市場,94,77,64,78.1,74,
106.12.11,FC301,大菊-黃秀鳳,105,台北市場,55,55,55,55,60,
106.12.11,FC302,大菊-世界一,105,台北市場,85,69,63,71.2,190,
106.12.11,FC319,大菊-  金莎黃,105,台北市場,110,101,98,102.2,37,
106.12.11,FC350,大菊-黃乒乓,105,台北市場,65,65,65,65,20,
106.12.11,FC400,大菊-粉,105,台北市場,95,83,70,83.4,28,
106.12.11,FC410,大菊-羅莎諾粉,105,台北市場,103,103,103,103,96,
106.12.11,FC502,大菊-安娜深綠,105,台北市場,110,110,110,110,60,
106.12.11,FC600,大菊-白,105,台北市場,93,92,87,91.2,65,
106.12.11,FC608,大菊-白乒乓,105,台北市場,65,65,65,65,40,
106.12.11,FC609,大菊-白東洋,105,台北市場,52,45,24,42,1641,
106.12.11,FC613,大菊-白天星,105,台北市場,16,16,15,15.5,240,
106.12.11,FC801,染大菊-國王,105,台北市場,127,125,123,125.2,171,
106.12.11,FC802,染大菊-芭迪卡,105,台北市場,107,98,93,99,192,
106.12.11,FC803,染大菊-牡丹,105,台北市場,274,274,164,258.3,56,
106.12.11,FC805,染大菊-白東洋,105,台北市場,100,95,90,95,40,
106.12.11,FD000,小菊-小菊,105,台北市場,51,51,51,51,40,
106.12.11,FD001,小菊-混合色,105,台北市場,95,42,15,46.8,71,
106.12.11,FD100,小菊-紅,105,台北市場,36,36,36,36,25,
106.12.11,FD112,小菊-紅雲南菊,105,台北市場,94,67,37,66.5,118,
106.12.11,FD113,小菊-日本小紅,105,台北市場,65,42,19,41.7,593,
106.12.11,FD121,小菊-紅美人,105,台北市場,51,51,51,51,150,
106.12.11,FD124,小菊-龍鳳紫,105,台北市場,61,57,26,51.3,252,
106.12.11,FD125,小菊-大一點紅,105,台北市場,35,35,35,35,75,
106.12.11,FD136,小菊-法國小紅,105,台北市場,20,19,15,18.1,80,
106.12.11,FD150,小菊-紅風車,105,台北市場,39,39,39,39,50,
106.12.11,FD300,小菊-黃,105,台北市場,27,23,16,22.6,211,
106.12.11,FD308,小菊-黃丁字菊,105,台北市場,16,16,16,16,24,
106.12.11,FD309,小菊-日本黃,105,台北市場,37,35,32,34.5,100,
106.12.11,FD326,小菊-蒙那麗莎陽光黃,105,台北市場,29,28,17,26,360,
106.12.11,FD400,小菊-粉,105,台北市場,30,24,15,23.7,595,
106.12.11,FD404,小菊-花花世界,105,台北市場,39,35,30,35,125,
106.12.11,FD412,小菊-粉雲南菊,105,台北市場,132,125,115,124.5,34,
106.12.11,FD431,小菊-桃紅雲南菊,105,台北市場,77,74,74,74.9,56,
106.12.11,FD432,小菊-彩雲,105,台北市場,37,37,37,37,25,
106.12.11,FD433,小菊-芬蘭小粉,105,台北市場,42,27,19,28.6,788,
106.12.11,FD438,小菊-湳港粉,105,台北市場,42,41,40,41,153,
106.12.11,FD453,小菊-棒棒糖-粉,105,台北市場,65,65,65,65,48,
106.12.11,FD600,小菊-白,105,台北市場,0,0,0,0,0,
106.12.11,FD620,小菊-荷蘭小白,105,台北市場,87,79,41,72.9,526,
106.12.11,FD635,小菊-林克小白,105,台北市場,36,32,27,31.6,522,
106.12.11,FD645,小菊-白斯不列,105,台北市場,17,15,15,15.7,75,
106.12.11,FD712,小菊-紫雲南菊,105,台北市場,140,121,102,121,163,
106.12.11,FD800,小菊-染色小菊,105,台北市場,21,21,21,21,50,
106.12.11,FD802,染小菊-白鑽石,105,台北市場,62,60,56,59.3,60,
106.12.11,FE001,非洲菊-混合色,105,台北市場,56,46,30,44.6,750,
106.12.11,FE100,非洲菊-紅,105,台北市場,75,75,75,75,20,
106.12.11,FE106,非洲菊-蘿瑞托,105,台北市場,50,49,48,49.3,48,
106.12.11,FE200,非洲菊-橙,105,台北市場,65,65,65,65,25,
106.12.11,FE201,非洲菊-太陽神,105,台北市場,50,50,50,50,20,
106.12.11,FE202,非洲菊-沙丘,105,台北市場,47,47,47,47,60,
106.12.11,FE300,非洲菊-黃,105,台北市場,51,42,35,42.3,55,
106.12.11,FE401,非洲菊-伊斯瑪拉,105,台北市場,59,51,29,48.2,365,
106.12.11,FE409,非洲菊-粉紅魅力,105,台北市場,56,47,32,45.7,499,
106.12.11,FE415,非洲菊-粉美麗,105,台北市場,51,51,51,51,20,
106.12.11,FE601,非洲菊-白雪,105,台北市場,79,55,41,57.2,113,
106.12.11,FE700,非洲菊-紫,105,台北市場,37,37,36,36.5,60,
106.12.11,FE900,非洲菊-迷你混色,105,台北市場,41,37,33,36.9,158,
106.12.11,FG105,劍蘭-２３５號,105,台北市場,36,36,36,36,20,
106.12.11,FG110,劍蘭-玫瑰紅,105,台北市場,22,17,17,18.3,80,
106.12.11,FG113,劍蘭-新種紅,105,台北市場,32,15,15,18.4,401,
106.12.11,FG121,劍蘭-２６５號,105,台北市場,51,51,51,51,48,
106.12.11,FG406,劍蘭-青殼粉,105,台北市場,41,41,41,41,36,
106.12.11,FG501,劍蘭-６１０號,105,台北市場,40,39,34,38,120,
106.12.11,FH000,其它花卉-其它花卉,105,台北市場,182,176,122,166.4,54,
106.12.11,FH004,八卦草(黃河)-八卦草(黃河),105,台北市場,34,33,32,33,60,
106.12.11,FH005,金鎚花-金鎚花,105,台北市場,72,55,52,57.7,112,
106.12.11,FH006,黃梔花-黃梔花,105,台北市場,29,15,10,16.7,1103,
106.12.11,FH007,松蟲草-松蟲草,105,台北市場,0,0,0,0,0,
106.12.11,FH054,水仙百合-粉,105,台北市場,101,100,98,99.6,34,
106.12.11,FH101,天堂鳥-天堂鳥,105,台北市場,100,79,52,78.2,175,
106.12.11,FH112,小天堂鳥-桔帶紅,105,台北市場,48,48,48,48,15,
106.12.11,FH114,小天堂鳥-粉紅,105,台北市場,55,55,55,55,25,
106.12.11,FH131,鶴焦-鶴焦,105,台北市場,21,21,21,21,70,
106.12.11,FH132,小鶴蕉-小鶴蕉,105,台北市場,79,78,65,75.5,80,
106.12.11,FH156,野薑花-白,105,台北市場,58,55,40,52.6,59,
106.12.11,FH158,紅薑花-紅,105,台北市場,131,95,63,96.4,118,
106.12.11,FH185,嘉蘭<火焰百合>-嘉蘭<火焰百合>,105,台北市場,50,29,20,31.1,320,
106.12.11,FH231,夜來香-單瓣,105,台北市場,71,47,16,45.8,59,
106.12.11,FH232,夜來香-重瓣,105,台北市場,59,51,35,49,150,
106.12.11,FH240,麥桿菊-麥桿菊,105,台北市場,85,80,68,78.5,65,
106.12.11,FH245,初雪草-初雪草,105,台北市場,188,188,188,188,40,
106.12.11,FH251,秀線-秀線,105,台北市場,100,93,87,93.4,80,
106.12.11,FH270,千日紅-千日紅,105,台北市場,75,74,65,72.2,87,
106.12.11,FH293,向日葵-單瓣,105,台北市場,92,75,35,70.7,329,
106.12.11,FH298,向日葵-太陽神,105,台北市場,93,92,64,86.6,39,
106.12.11,FH320,薊花(紅花)-薊花(紅花),105,台北市場,100,100,100,100,26,
106.12.11,FH330,雞冠花-雞冠花,105,台北市場,100,100,100,100,28,
106.12.11,FH331,雞冠花-清紅,105,台北市場,93,70,31,66.9,406,
106.12.11,FH333,雞冠花-黃,105,台北市場,0,0,0,0,0,
106.12.11,FH339,雞冠花-粉,105,台北市場,135,131,130,131.8,38,
106.12.11,FH341,火焰雞冠花-紅,105,台北市場,82,82,82,82,30,
106.12.11,FH358,珊瑚鳳梨-珊瑚鳳梨,105,台北市場,27,27,27,27,150,
106.12.11,FH361,金魚草-紅色,105,台北市場,26,26,26,26,26,
106.12.11,FH363,金魚草-黃色,105,台北市場,16,16,16,16,20,
106.12.11,FH364,金魚草-粉色,105,台北市場,52,41,37,42.5,94,
106.12.11,FH366,金魚草-白色,105,台北市場,39,37,29,35.8,296,
106.12.11,FH381,麒麟草-麒麟草,105,台北市場,57,47,31,45.7,1990,
106.12.11,FH458,紫羅蘭-重瓣深紫,105,台北市場,200,200,200,200,11,
106.12.11,FH464,繡球花-粉,105,台北市場,179,174,127,165.4,105,
106.12.11,FH490,白頭翁-白頭翁,105,台北市場,0,0,0,0,0,
106.12.11,FH495,陸蓮花-陸蓮花,105,台北市場,0,0,0,0,0,
106.12.11,FH522,迥香-白,105,台北市場,75,75,75,75,40,
106.12.11,FH630,海芋-混色,105,台北市場,130,120,112,120.5,38,
106.12.11,FH631,海芋-紅,105,台北市場,102,101,100,101,36,
106.12.11,FH632,海芋-橙,105,台北市場,70,65,54,63.6,67,
106.12.11,FH633,海芋-黃,105,台北市場,54,44,31,43.6,328,
106.12.11,FH636,海芋-白,105,台北市場,65,61,46,58.1,22,
106.12.11,FH637,海芋-紫,105,台北市場,73,64,57,64.3,66,
106.12.11,FH640,睡蓮-睡蓮,105,台北市場,44,44,44,44,12,
106.12.11,FH661,伯利恆之星-伯利恆之星,105,台北市場,61,45,18,42.9,392,
106.12.11,FH670,茉莉花-茉莉花,105,台北市場,11,10,10,10.1,1810,
106.12.11,FH710,深山櫻-深山櫻,105,台北市場,98,77,50,75.4,414,
106.12.11,FH790,藍星花-藍星花,105,台北市場,310,301,251,292.9,56,
106.12.11,FK412,葵百合-阿卡波克紅雙朵,105,台北市場,53,53,53,53,20,
106.12.11,FK413,葵百合-阿卡波克紅三朵,105,台北市場,132,95,63,96.5,68,
106.12.11,FK419,葵百合-阿卡波克紅多朵,105,台北市場,164,118,67,116,62,
106.12.11,FL000,姬百合-姬百合,105,台北市場,0,0,0,0,0,
106.12.11,FO000,蘭花-蘭花,105,台北市場,255,108,28,121,382,
106.12.11,FO006,腎藥蘭-腎藥蘭,105,台北市場,304,194,152,208.2,49,
106.12.11,FO007,千代蘭-千代蘭,105,台北市場,161,100,56,103.2,681,
106.12.11,FO008,嘉德麗蘭-嘉德麗蘭,105,台北市場,69,69,69,69,9,
106.12.11,FO009,萬代蘭-萬代蘭,105,台北市場,186,123,72,125.2,257,
106.12.11,FO011,拖鞋蘭-拖鞋蘭,105,台北市場,41,41,41,41,30,
106.12.11,FO014,樹蘭-樹蘭,105,台北市場,25,21,16,21,315,
106.12.11,FO020,萬代蘭-巨輪混,105,台北市場,20,16,14,16.7,87,
106.12.11,FO021,萬代蘭-巨輪紅,105,台北市場,48,38,22,36.8,101,
106.12.11,FO022,萬代蘭-巨輪橙,105,台北市場,31,20,12,20.9,53,
106.12.11,FO023,萬代蘭-巨輪黃,105,台北市場,15,14,11,13.8,31,
106.12.11,FO024,萬代蘭-巨輪粉,105,台北市場,74,45,14,44.5,228,
106.12.11,FO025,萬代蘭-巨輪綠,105,台北市場,17,17,17,17,18,
106.12.11,FO026,萬代蘭-巨輪白,105,台北市場,16,16,16,16,6,
106.12.11,FO027,萬代蘭-巨輪紫,105,台北市場,73,48,29,49.5,324,
106.12.11,FO211,虎頭蘭-大輪紅,105,台北市場,81,81,81,81,15,
106.12.11,FO214,虎頭蘭-大輪粉,105,台北市場,64,50,38,50.3,248,
106.12.11,FO215,虎頭蘭-大輪綠,105,台北市場,182,114,23,109.4,66,
106.12.11,FO224,虎頭蘭-中輪粉,105,台北市場,38,34,27,33.6,278,
106.12.11,FO225,虎頭蘭-中輪綠,105,台北市場,52,43,25,41.3,342,
106.12.11,FO331,大文心蘭-大文心蘭,105,台北市場,152,152,144,150.2,26,
106.12.11,FO335,檸檬綠文心蘭-檸檬綠文心蘭,105,台北市場,202,146,106,149.1,613,
106.12.11,FO534,石斛蘭-綠寶石黃,105,台北市場,146,146,146,146,3,
106.12.11,FO560,石斛蘭-白,105,台北市場,0,0,0,0,0,
106.12.11,FO610,蝴蝶蘭-紅色,105,台北市場,101,101,101,101,15,
106.12.11,FO640,蝴蝶蘭-粉色,105,台北市場,100,100,100,100,15,
106.12.11,FO663,蝴蝶蘭-白黃心,105,台北市場,85,83,68,80.4,193,
106.12.11,FR000,玫瑰-玫瑰,105,台北市場,188,139,93,139.6,223,
106.12.11,FR100,玫瑰-紅,105,台北市場,195,154,92,150.8,48,
106.12.11,FR111,玫瑰-新櫻紅,105,台北市場,143,112,47,104.6,137,
106.12.11,FR112,玫瑰-紅衣武士,105,台北市場,109,86,58,85,39,
106.12.11,FR114,玫瑰-荷蘭紅,105,台北市場,100,64,50,68.1,62,
106.12.11,FR117,玫瑰-萬年紅,105,台北市場,154,75,44,84.5,979,
106.12.11,FR120,玫瑰-埔里之星,105,台北市場,256,169,93,171.4,59,
106.12.11,FR122,玫瑰-卡門,105,台北市場,155,121,77,118.9,61,
106.12.11,FR408,玫瑰-黛安娜粉,105,台北市場,153,112,78,113.3,307,
106.12.11,FR412,玫瑰-新香檳粉,105,台北市場,155,94,80,103,62,
106.12.11,FR417,玫瑰-甜心,105,台北市場,129,119,105,117,12,
106.12.11,FR429,玫瑰-鐵達尼,105,台北市場,150,121,103,125.2,13,
106.12.11,FR430,玫瑰-新鐵達尼,105,台北市場,170,141,115,143.3,18,
106.12.11,FR434,玫瑰-卡蜜拉,105,台北市場,131,99,71,99.9,93,
106.12.11,FR436,玫瑰-翡翠粉,105,台北市場,226,176,114,173.7,509,
106.12.11,FR438,玫瑰-維納斯,105,台北市場,195,160,138,163.2,28,
106.12.11,FR439,玫瑰-翡翠香檳,105,台北市場,217,140,85,144.1,40,
106.12.11,FR451,玫瑰-翡翠佳人,105,台北市場,105,82,75,85,36,
106.12.11,FR600,玫瑰-白,105,台北市場,254,238,128,219.4,153,
106.12.11,FR607,玫瑰-翡翠白,105,台北市場,215,139,87,143.5,507,
106.12.11,FR700,玫瑰-紫,105,台北市場,232,203,180,205.2,33,
106.12.11,FR705,玫瑰-紫天王,105,台北市場,135,65,55,76.9,186,
106.12.11,FR708,玫瑰-紫愛你,105,台北市場,212,171,83,161.2,109,
106.12.11,FR814,玫瑰-山中傳奇,105,台北市場,170,137,82,132.5,20,
106.12.11,FR910,玫瑰-迷你紅,105,台北市場,148,99,63,101.8,69,
106.12.11,FR930,玫瑰-迷你黃,105,台北市場,209,178,125,172.7,47,
106.12.11,FR940,玫瑰-迷你粉,105,台北市場,215,209,201,208,12,
106.12.11,FS000,香水百合-香水百合,105,台北市場,203,203,203,203,9,
106.12.11,FS002,香水百合-雙朵,105,台北市場,153,153,153,153,10,
106.12.11,FS003,香水百合-三朵,105,台北市場,220,216,200,213.3,24,
106.12.11,FS009,香水百合-多朵,105,台北市場,260,246,198,237.5,22,
106.12.11,FS010,香水百合-紅,105,台北市場,64,64,64,64,19,
106.12.11,FS013,香水百合-紅三朵,105,台北市場,185,89,80,106.8,118,
106.12.11,FS019,香水百合-紅多朵,105,台北市場,200,107,86,121.6,456,
106.12.11,FS032,香水百合-黃雙朵,105,台北市場,120,120,120,120,80,
106.12.11,FS033,香水百合-黃三朵,105,台北市場,157,157,157,157,48,
106.12.11,FS040,香水百合-粉,105,台北市場,80,80,80,80,12,
106.12.11,FS041,香水百合-粉單朵,105,台北市場,65,65,65,65,36,
106.12.11,FS042,香水百合-粉雙朵,105,台北市場,94,86,82,86.8,61,
106.12.11,FS043,香水百合-粉三朵,105,台北市場,157,129,104,129.1,102,
106.12.11,FS049,香水百合-粉多朵,105,台北市場,172,153,122,150.9,98,
106.12.11,FS062,香水百合-白雙朵,105,台北市場,132,109,85,108.5,40,
106.12.11,FS063,香水百合-白三朵,105,台北市場,158,142,75,131.6,79,
106.12.11,FS069,香水百合-白多朵,105,台北市場,173,173,173,173,96,
106.12.11,FS139,香水百合-瑪度沙多朵,105,台北市場,139,139,139,139,12,
106.12.11,FS353,香水百合-索邦妮三朵,105,台北市場,111,111,111,111,14,
106.12.11,FS359,香水百合-索邦妮多朵,105,台北市場,139,137,130,135.7,121,
106.12.11,FS440,香水百合-馬可波羅粉,105,台北市場,202,110,91,124.3,40,
106.12.11,FS442,香水百合-馬可波羅粉雙朵,105,台北市場,194,111,110,127.3,110,
106.12.11,FS443,香水百合-馬可波羅粉三朵,105,台北市場,220,125,118,143,128,
106.12.11,FS449,香水百合-馬可波羅粉多朵,105,台北市場,224,142,85,146.6,142,
106.12.11,FS463,香水百合-白三朵,105,台北市場,122,122,122,122,13,
106.12.11,FS469,香水百合-白多朵,105,台北市場,106,106,106,106,36,
106.12.11,FS470,水晶香水-水晶香水,105,台北市場,120,96,87,99.2,38,
106.12.11,FS472,水晶香水-雙朵,105,台北市場,120,120,120,120,16,
106.12.11,FS473,水晶香水-三朵,105,台北市場,223,172,152,178.2,44,
106.12.11,FS479,水晶香水-多朵,105,台北市場,213,124,90,135.2,498,
106.12.11,FS590,薇薇安娜-薇薇安娜,105,台北市場,95,95,95,95,12,
106.12.11,FS592,薇薇安娜-雙朵,105,台北市場,115,93,73,93,172,
106.12.11,FS593,薇薇安娜-三朵,105,台北市場,202,167,90,158.8,80,
106.12.11,FS599,薇薇安娜-多朵,105,台北市場,228,192,191,198.8,61,
106.12.11,FS602,香水百合-康卡多雙朵,105,台北市場,88,87,66,83.1,108,
106.12.11,FS603,香水百合-康卡多三朵,105,台北市場,186,131,81,131.4,232,
106.12.11,FS609,香水百合-康卡多多朵,105,台北市場,248,163,81,163.3,404,
106.12.11,FS629,香水百合-耶蘿琳多朵,105,台北市場,128,128,128,128,80,
106.12.11,FS631,OT曼尼薩-單朵,105,台北市場,64,60,55,60.1,110,
106.12.11,FS632,OT曼尼薩-雙朵,105,台北市場,107,105,100,104.4,143,
106.12.11,FS633,OT曼尼薩-三朵,105,台北市場,210,188,141,183.2,64,
106.12.11,FS639,OT曼尼薩-多朵,105,台北市場,333,333,333,333,8,
106.12.11,FS671,OT羅賓娜-單朵,105,台北市場,63,60,54,59.6,44,
106.12.11,FS672,OT羅賓娜-雙朵,105,台北市場,90,90,90,90,45,
106.12.11,FS673,OT羅賓娜-三朵,105,台北市場,141,80,75,91.5,144,
106.12.11,FS679,OT羅賓娜-多朵,105,台北市場,121,74,74,83.4,196,
106.12.11,FS681,OT多娜托-單朵,105,台北市場,52,52,51,51.6,70,
106.12.11,FS682,OT多娜托-雙朵,105,台北市場,81,76,57,73.1,113,
106.12.11,FS683,OT多娜托-三朵,105,台北市場,122,100,70,98.4,44,
106.12.11,FS689,OT多娜托-多朵,105,台北市場,163,134,103,133.3,182,
106.12.11,FS713,香水百合-凱麗湖三朵,105,台北市場,82,82,82,82,40,
106.12.11,FS719,香水百合,105,台北市場,112,99,84,98.8,104,
106.12.11,FT061,鐵砲百合-白單朵,105,台北市場,95,40,40,51.5,43,
106.12.11,FT062,鐵砲百合-白雙朵,105,台北市場,103,54,45,61.9,100,
106.12.11,FT063,鐵砲百合-白三朵,105,台北市場,68,46,35,47.9,41,
106.12.11,FT461,鐵砲百合-白天使單朵,105,台北市場,81,67,52,66.5,80,
106.12.11,FT661,鐵砲百合-雷山一號單朵,105,台北市場,62,62,62,62,20,
106.12.11,FT662,鐵砲百合-雷山一號雙朵,105,台北市場,81,81,81,81,20,
106.12.11,FU000,洋桔梗-洋桔梗,105,台北市場,108,108,108,108,13,
106.12.11,FU402,洋桔梗-雙瓣(混色),105,台北市場,172,144,103,141.1,57,
106.12.11,FU412,洋桔梗-雙瓣紅,105,台北市場,150,149,130,145,52,
106.12.11,FU432,洋桔梗-雙瓣黃,105,台北市場,175,175,175,175,14,
106.12.11,FU442,洋桔梗-雙瓣粉,105,台北市場,186,135,101,138.4,390,
106.12.11,FU449,洋桔梗-艾瑞娜彩粉,105,台北市場,225,206,181,204.8,149,
106.12.11,FU452,洋桔梗-雙瓣彩藍,105,台北市場,130,121,115,122.2,23,
106.12.11,FU453,洋桔梗-雙瓣綠,105,台北市場,201,193,167,189.7,30,
106.12.11,FU457,洋桔梗-順風綠,105,台北市場,162,153,125,149,72,
106.12.11,FU458,洋桔梗-艾瑞娜綠,105,台北市場,210,190,138,183.4,115,
106.12.11,FU462,洋桔梗-雙瓣白,105,台北市場,182,154,133,155.3,250,
106.12.11,FU472,洋桔梗-雙瓣紫,105,台北市場,186,106,53,111.1,246,
106.12.11,FU478,洋桔梗-羅西娜紫,105,台北市場,221,180,111,174.4,184,
106.12.11,FU572,洋桔梗-雙瓣白紫邊,105,台北市場,197,178,125,171.1,110,
106.12.11,FW100,星辰花-混色,105,台北市場,160,160,160,160,23,
106.12.11,FW130,星辰花-黃,105,台北市場,150,147,142,146.5,53,
106.12.11,FW140,星辰花-粉,105,台北市場,72,72,72,72,23,
106.12.11,FW141,星辰花-大湖魅力,105,台北市場,185,184,182,183.8,61,
106.12.11,FW170,星辰花-紫,105,台北市場,146,144,134,142.3,202,
106.12.11,FW172,補血草-補血草,105,台北市場,95,95,95,95,29,
106.12.11,FW173,星辰花-紫色之戀,105,台北市場,176,176,176,176,15,
106.12.11,FW174,星辰花-粉仙紫,105,台北市場,0,0,0,0,0,
106.12.11,FW240,粉孔雀-粉孔雀,105,台北市場,68,64,62,64.1,140,
106.12.11,FW271,紫孔雀-春天,105,台北市場,25,25,20,23.8,120,
106.12.11,FW472,卡斯比亞-無葉,105,台北市場,130,121,111,120.7,138,
106.12.11,FW567,滿天星-牽牛星,105,台北市場,45,45,45,45,50,
106.12.11,FW568,滿天星-銀河,105,台北市場,66,57,48,57.2,125,
106.12.11,FY000,切葉類-切葉類,105,台北市場,88,37,12,42.6,416,
106.12.11,FY001,尤加利葉-尤加利葉,105,台北市場,57,45,36,45.8,520,
106.12.11,FY002,壽松-壽松,105,台北市場,32,23,14,23.2,104,
106.12.11,FY003,唐棉-唐棉,105,台北市場,64,44,39,47.2,301,
106.12.11,FY004,黃椰心葉-葉,105,台北市場,96,68,41,68.5,356,
106.12.11,FY005,文竹(新娘花)-文竹(新娘花),105,台北市場,17,17,17,17,26,
106.12.11,FY008,銀龍柳-銀龍柳,105,台北市場,22,22,22,22,100,
106.12.11,FY009,電信蘭葉-電信蘭葉,105,台北市場,59,36,16,36.4,910,
106.12.11,FY010,七里香-七里香,105,台北市場,0,0,0,0,0,
106.12.11,FY013,星點木-星點木,105,台北市場,76,26,10,32.6,154,
106.12.11,FY015,葉蘭-葉蘭,105,台北市場,16,16,16,16,70,
106.12.11,FY017,八角金盤-八角金盤,105,台北市場,43,20,11,22.9,310,
106.12.11,FY021,扁柏-扁柏,105,台北市場,59,54,46,53.2,735,
106.12.11,FY022,鋸齒蔓綠絨葉-鋸齒蔓綠絨葉,105,台北市場,11,11,11,11,35,
106.12.11,FY030,新文竹-新文竹,105,台北市場,23,23,12,20.8,180,
106.12.11,FY031,牛頭茄-牛頭茄,105,台北市場,21,20,18,19.7,56,
106.12.11,FY037,長春籐-長春籐,105,台北市場,0,0,0,0,0,
106.12.11,FY040,班太蘭-班太蘭,105,台北市場,0,0,0,0,0,
106.12.11,FY049,紅茄(番柿)-紅茄(番柿),105,台北市場,120,107,102,108.8,64,
106.12.11,FY050,山蘇葉-山蘇葉,105,台北市場,25,19,12,18.6,588,
106.12.11,FY057,百合竹-百合竹,105,台北市場,5,5,5,5,755,
106.12.11,FY063,小米-小米,105,台北市場,10,10,10,10,35,
106.12.11,FY069,天堂鳥葉-天堂鳥葉,105,台北市場,32,32,32,32,60,
106.12.11,FY071,雪松-雪松,105,台北市場,176,150,133,152.1,175,
106.12.11,FY075,黃金側柏-黃金側柏,105,台北市場,32,32,32,32,31,
106.12.11,FY082,春樹蘭-香樹蘭,105,台北市場,0,0,0,0,0,
106.12.11,FY083,紐西蘭麻-紐西蘭麻,105,台北市場,78,65,51,64.5,80,
106.12.11,FY084,火龍果-火龍果,105,台北市場,358,200,114,214.3,81,
106.12.11,FY086,綠春蘭葉-綠春蘭葉,105,台北市場,10,10,10,10,260,
106.12.11,FY088,黃椰心-黃椰心,105,台北市場,17,17,17,17,30,
106.12.11,FY091,傘高梁-傘高梁,105,台北市場,21,21,21,21,75,
106.12.11,FY093,水燭葉-水燭葉,105,台北市場,11,11,10,10.9,555,
106.12.11,FY100,山防風-山防風,105,台北市場,135,135,135,135,54,
106.12.11,FY236,葉牡丹-白,105,台北市場,67,64,61,63.8,103,
106.12.11,FY237,葉牡丹-紫,105,台北市場,67,67,67,67,22,
106.12.11,FY991,青竹-青竹,105,台北市場,65,46,40,48.6,91,
106.12.11,FY992,紅竹-紅竹,105,台北市場,25,21,13,19.9,133,
106.12.11,FY993,白竹-白竹,105,台北市場,42,27,14,27.6,856,
106.12.11,FY994,花竹-花竹,105,台北市場,0,0,0,0,0,
106.12.11,IA000,進口康乃馨-中大輪,105,台北市場,110,95,83,95.5,120,
106.12.11,IA100,進口康乃馨-紅,105,台北市場,107,103,100,103.5,222,
106.12.11,IA303,進口康乃馨-橙黃,105,台北市場,87,87,87,87,20,
106.12.11,IA400,進口康乃馨-粉,105,台北市場,103,96,89,96.1,291,
106.12.11,IA600,進口康乃馨-白,105,台北市場,107,107,107,107,40,
106.12.11,IA606,進口康乃馨-黃帶紅,105,台北市場,82,82,80,81.5,114,
106.12.11,IC350,進口大菊-黃乒乓,105,台北市場,110,109,104,108.2,39,
106.12.11,IC608,進口大菊-白乒乓,105,台北市場,200,160,160,168,80,
106.12.11,ID800,進口小菊-染色小菊,105,台北市場,79,76,74,76.5,110,
106.12.11,IH000,進口其它花卉-進口其它花卉,105,台北市場,188,113,81,121.8,2373,
106.12.11,IH090,進口針墊花-進口針墊花,105,台北市場,48,42,37,42.3,410,
106.12.11,IH225,進口帝王花-進口帝王花,105,台北市場,235,223,220,224.8,65,
106.12.11,IH309,進口牡丹花-進口牡丹花,105,台北市場,326,315,300,314.2,56,
106.12.11,IH370,進口千鳥草-進口千鳥草,105,台北市場,160,150,150,152.4,38,
106.12.11,IH390,進口泡盛草-進口泡盛草,105,台北市場,329,294,210,283.6,87,
106.12.11,IH420,進口孤挺花-進口孤挺花,105,台北市場,82,69,67,70.9,198,
106.12.11,IH460,進口繡球花-進口繡球花,105,台北市場,218,88,68,110,1979,
106.12.11,IH490,進口白頭翁-進口白頭翁,105,台北市場,115,110,107,110.4,144,
106.12.11,IH500,進口風信子-進口風信子,105,台北市場,150,144,126,141.8,74,
106.12.11,IH611,進口鬱金香-紅色,105,台北市場,170,170,170,170,5,
106.12.11,IH613,進口鬱金香-黃色,105,台北市場,170,170,170,170,15,
106.12.11,IH614,進口鬱金香-粉色,105,台北市場,160,160,160,160,30,
106.12.11,IH616,進口鬱金香-白色,105,台北市場,170,163,160,164,75,
106.12.11,IH617,進口鬱金香-紫色,105,台北市場,111,107,101,106.8,30,
106.12.11,IH770,鬱金香-進口 非洲,105,台北市場,243,120,92,139.1,218,
106.12.11,IO201,進口虎頭蘭-大輪,105,台北市場,200,149,102,149.9,126,
106.12.11,IO519,進口石斛蘭-深紅,105,台北市場,134,129,121,128.7,270,
106.12.11,IO560,進口石斛蘭-白,105,台北市場,130,129,127,128.8,40,
106.12.11,IR000,進口玫瑰-進口玫瑰,105,台北市場,451,389,341,390.7,37,
106.12.11,IR001,進口玫瑰-混合色,105,台北市場,268,259,250,259.1,107,
106.12.11,IR100,進口玫瑰-紅,105,台北市場,375,350,319,348.8,236,
106.12.11,IR200,進口玫瑰-橙,105,台北市場,380,380,380,380,8,
106.12.11,IR205,進口玫瑰-橙粉,105,台北市場,340,340,340,340,5,
106.12.11,IR400,進口玫瑰-粉,105,台北市場,402,350,325,355.4,50,
106.12.11,IR402,進口玫瑰-薄粉,105,台北市場,410,408,400,405.7,7,
106.12.11,IR411,進口玫瑰-桃粉,105,台北市場,340,340,340,340,5,
106.12.11,IR600,進口玫瑰-白,105,台北市場,450,438,400,433.9,28,
106.12.11,IR700,進口玫瑰-紫,105,台北市場,365,338,320,339.8,20,
106.12.11,IR800,進口玫瑰-雙色,105,台北市場,380,380,380,380,8,
106.12.11,IW560,進口滿天星-白,105,台北市場,98,93,84,92.1,1669,
106.12.11,IY087,進口樺木(假葉)-進口樺木(假葉),105,台北市場,80,76,71,75.9,220,
106.12.11,IY230,進口葉牡丹-進口葉牡丹,105,台北市場,32,32,32,32,200,
106.12.11,rest,休市,109,台北一,0,0,0,0,0,
106.12.11,rest,休市,241,三重區,0,0,0,0,0,
106.12.11,rest,休市,260,宜蘭市,0,0,0,0,0,
106.12.11,rest,休市,338,桃農,0,0,0,0,0,
106.12.11,rest,休市,400,台中市,0,0,0,0,0,
106.12.11,rest,休市,420,豐原區,0,0,0,0,0,
106.12.11,FB1,花椰菜-青梗,514,溪湖鎮,40,34,25.6,33.1,22924,
106.12.11,FC1,胡瓜-黑刺,514,溪湖鎮,29.2,16.4,10,17.7,690,
106.12.11,FF1,絲瓜-絲瓜,514,溪湖鎮,26.4,22,20,22.5,266,
106.12.11,FG1,苦瓜-白大米,514,溪湖鎮,67,51,43,52.5,478,
106.12.11,FH3,扁蒲-花蒲,514,溪湖鎮,22,12,10,14,155,
106.12.11,FI2,茄子-麻荸茄,514,溪湖鎮,43,18.5,17.4,22.5,981,
106.12.11,FJ1,蕃茄-黑柿,514,溪湖鎮,63.6,55.5,38.4,53.7,327,
106.12.11,FL2,豌豆-紅花,514,溪湖鎮,122,119,99,109.5,715,
106.12.11,FL6,豌豆-甜豌豆,514,溪湖鎮,115,101,95,102.6,237,
106.12.11,FN1,敏豆-白豆,514,溪湖鎮,109,100,93,100,71,
106.12.11,FN5,敏豆-醜豆,514,溪湖鎮,70,69.7,69.2,69.7,63,
106.12.11,FR1,青花苔,514,溪湖鎮,31.6,21.6,8,20.6,1830,
106.12.11,FT1,南瓜-木瓜形,514,溪湖鎮,20,20,20,20,150,
106.12.11,LA1,甘藍-初秋,514,溪湖鎮,25.3,17,12,17.6,17007,
106.12.11,LB1,小白菜-土白菜,514,溪湖鎮,18,13,9,13.3,750,
106.12.11,LC1,包心白菜-包白,514,溪湖鎮,15,12.3,8,12,11939,
106.12.11,LD1,青江白菜-小梗,514,溪湖鎮,14,11,7.5,10.9,1000,
106.12.11,LF2,蕹菜-小葉,514,溪湖鎮,65,48,30,48,400,
106.12.11,LG1,芹菜-青梗,514,溪湖鎮,45,33,20,32.5,700,
106.12.11,LI3,萵苣菜-本島圓葉,514,溪湖鎮,35,23.5,16,24.3,780,
106.12.11,LJ4,芥菜-小芥菜,514,溪湖鎮,27,19,10,18.6,890,
106.12.11,LK2,芥藍菜,514,溪湖鎮,23,17,13,17.5,800,
106.12.11,LM2,莧菜-白莧菜,514,溪湖鎮,63,44,37,46.7,380,
106.12.11,LN1,油菜,514,溪湖鎮,18,14,8,13,1190,
106.12.11,SA32,蘿蔔-矸仔,514,溪湖鎮,21.5,16,10.7,16,2180,
106.12.11,SB1,胡蘿蔔-未洗,514,溪湖鎮,20,13.8,8.2,13.9,3904,
106.12.11,SD9,洋蔥-進口,514,溪湖鎮,28,25,18,24.2,2600,
106.12.11,SE6,青蔥-粉蔥,514,溪湖鎮,62,50,40.5,50.7,1730,
106.12.11,SF3,韭菜-韭菜花,514,溪湖鎮,143,138,128,137.2,144,
106.12.11,SI1,萵苣莖,514,溪湖鎮,45,45,33.3,42.7,150,
106.12.11,SO0,甘薯-其他,514,溪湖鎮,22,17.4,11.6,17,1534,
106.12.11,SS1,大心菜-帶葉,514,溪湖鎮,36.6,31.5,26.7,31.6,1070,
106.12.11,SW1,球莖甘藍,514,溪湖鎮,24.6,12.2,8.8,14,5248,
106.12.11,SX1,芽菜類-綠豆芽,514,溪湖鎮,14,14,14,14,1100,
106.12.11,rest,休市,540,南投市,0,0,0,0,0,
106.12.11,11,椰子,600,嘉義市,12,11,8,11,1100,
106.12.11,22,棗子,600,嘉義市,83,51,50,51,250,
106.12.11,31,釋迦,600,嘉義市,100,71,50,71,500,
106.12.11,51,百香果-改良種,600,嘉義市,60,33,20,33,2000,
106.12.11,72,小番茄-聖女,600,嘉義市,45,38,33,38,1600,
106.12.11,74,小番茄-玉女,600,嘉義市,160,94,82,94,1000,
106.12.11,812,火龍果-紅肉,600,嘉義市,50,33,21,33,3000,
106.12.11,91,其他,600,嘉義市,25,20,12,20,4500,
106.12.11,A1,香蕉,600,嘉義市,26,18,14,18,2000,
106.12.11,B2,鳳梨-金鑽鳳梨,600,嘉義市,17,10,8,10,6800,
106.12.11,C1,椪柑,600,嘉義市,30,14,9,14,16000,
106.12.11,E1,甜橙-柳橙,600,嘉義市,30,20,15,20,12000,
106.12.11,F1,雜柑-檸檬,600,嘉義市,28,24,15,24,1000,
106.12.11,G3,酪梨,600,嘉義市,86,76,60,76,400,
106.12.11,G49,奇異果-進口,600,嘉義市,150,96,84,96,1400,
106.12.11,H2,柚子-白柚,600,嘉義市,17,10,8,10,1000,
106.12.11,H4,葡萄柚-紅肉,600,嘉義市,21,14,10,14,1200,
106.12.11,H6,西施柚-西施柚,600,嘉義市,17,10,8,10,2000,
106.12.11,I1,木瓜-網室紅肉,600,嘉義市,42,34,24,34,5600,
106.12.11,O9,梨-進口,600,嘉義市,120,111,95,111,1000,
106.12.11,OW,梨-雪梨,600,嘉義市,103,82,50,82,8800,
106.12.11,P1,番石榴-珍珠芭,600,嘉義市,32,23,19,23,4050,
106.12.11,Q1,蓮霧-紅蓮霧,600,嘉義市,66,48,32,48,2900,
106.12.11,S1,葡萄-巨峰,600,嘉義市,95,56,40,56,700,
106.12.11,S9,葡萄-進口,600,嘉義市,140,123,100,123,900,
106.12.11,T1,西瓜-大西瓜,600,嘉義市,35,21,17,21,2100,
106.12.11,T5,西瓜-黃肉,600,嘉義市,12,8,8,8,2400,
106.12.11,V1,甜瓜-美濃,600,嘉義市,18,15,13,15,250,
106.12.11,W1,洋香瓜-網狀紅肉,600,嘉義市,42,26,15,26,3800,
106.12.11,W2,洋香瓜-網狀綠肉,600,嘉義市,48,30,19,30,2200,
106.12.11,X09,蘋果-其他(進口),600,嘉義市,135,90,80,90,6300,
106.12.11,Z2,柿子-水柿,600,嘉義市,17,13,10,13,900,
106.12.11,Z4,柿子-甜柿,600,嘉義市,103,66,35,66,7500,
106.12.11,rest,休市,800,高雄市,0,0,0,0,0,
106.12.11,rest,休市,830,鳳山區,0,0,0,0,0,
106.12.11,rest,休市,900,屏東市,0,0,0,0,0,
106.12.11,rest,休市,930,台東市,0,0,0,0,0,

