年度,地區別,雜糧類別,種植面積,收穫面積,每公頃平均產量,產量,
2016,新北市,甘藷,351.34,351.34,20226.32,7106.316,
2016,台北市,甘藷,70.5,70.5,9390.2,662.009,
2016,台中市,甘藷,102.6,102.6,21081.34,2162.945,
2016,台南市,甘藷,836.85,836.85,20156.68,16868.115,
2016,高雄市,甘藷,1164.49,1163.39,26639.97,30992.676,
2016,宜蘭縣,甘藷,220.78,220.78,18092.64,3994.493,
2016,桃園縣,甘藷,69.76,69.76,19696.16,1374.004,
2016,新竹縣,甘藷,85.03,85.03,16325.41,1388.15,
2016,苗栗縣,甘藷,367.4,367.4,16516.98,6068.339,
2016,彰化縣,甘藷,1442.42,1426.62,30769.08,43895.784,
2016,南投縣,甘藷,51.4,51.4,17452.33,897.05,
2016,雲林縣,甘藷,4633.24,4633.24,23533.44,109036.055,
2016,嘉義縣,甘藷,337.2,337.2,20768.21,7003.042,
2016,屏東縣,甘藷,121.07,121.07,13713.17,1660.254,
2016,台東縣,甘藷,298.39,298.39,9424.03,2812.037,
2016,花蓮縣,甘藷,332.93,332.9,14405.02,4795.43,
2016,澎湖縣,甘藷,84.88,84.64,11359.32,961.453,
2016,基隆市,甘藷,0.06,0.06,10000,0.6,
2016,新竹市,甘藷,13.37,13.37,19490.88,260.593,
2016,嘉義市,甘藷,4.44,4.44,16085.59,71.42,
2016,金門縣,甘藷,1.04,1.04,18748.08,19.498,
2016,連江縣,甘藷,0,0,0,0,
2016,新北市,小麥,0,0,0,0,
2016,台北市,小麥,0,0,0,0,
2016,台中市,小麥,12.99,12.99,452.66,5.88,
2016,台南市,小麥,153.5,153.5,2281.01,350.135,
2016,高雄市,小麥,142.02,74.85,1298.65,97.204,
2016,宜蘭縣,小麥,0,0,0,0,
2016,桃園縣,小麥,0,0,0,0,
2016,新竹縣,小麥,1.3,1.3,600,0.78,
2016,苗栗縣,小麥,34.63,34.63,1598.18,55.345,
2016,彰化縣,小麥,195.99,195.99,3312.44,649.206,
2016,南投縣,小麥,0,0,0,0,
2016,雲林縣,小麥,12.76,12.76,1926.96,24.588,
2016,嘉義縣,小麥,72.11,72.11,2409.61,173.757,
2016,屏東縣,小麥,0,0,0,0,
2016,台東縣,小麥,14.9,14.9,1498.72,22.331,
2016,花蓮縣,小麥,3.08,3.08,1570.78,4.838,
2016,澎湖縣,小麥,0,0,0,0,
2016,基隆市,小麥,0,0,0,0,
2016,新竹市,小麥,0,0,0,0,
2016,嘉義市,小麥,0,0,0,0,
2016,金門縣,小麥,1768.66,1768.66,1274.62,2254.361,
2016,連江縣,小麥,0,0,0,0,
2016,新北市,飼料用玉蜀黍,0,0,0,0,
2016,台北市,飼料用玉蜀黍,0,0,0,0,
2016,台中市,飼料用玉蜀黍,2,2,5000,10,
2016,台南市,飼料用玉蜀黍,1.5,1.5,4600,6.9,
2016,高雄市,飼料用玉蜀黍,8148.68,8147.28,3983.17,32452.031,
2016,宜蘭縣,飼料用玉蜀黍,819.25,819.25,4371.61,3581.442,
2016,桃園縣,飼料用玉蜀黍,0,0,0,0,
2016,新竹縣,飼料用玉蜀黍,0,0,0,0,
2016,苗栗縣,飼料用玉蜀黍,0.9,0.9,4750,4.275,
2016,彰化縣,飼料用玉蜀黍,72.73,72.73,5897.99,428.961,
2016,南投縣,飼料用玉蜀黍,1.9,1.9,3605.26,6.85,
2016,雲林縣,飼料用玉蜀黍,935.36,935.36,4448.28,4160.747,
2016,嘉義縣,飼料用玉蜀黍,5384.08,5384.08,3939.53,21210.761,
2016,屏東縣,飼料用玉蜀黍,519.24,519.24,4314.84,2240.439,
2016,台東縣,飼料用玉蜀黍,41.92,41.92,5001.79,209.675,
2016,花蓮縣,飼料用玉蜀黍,227.49,219.03,3557.65,779.231,
2016,澎湖縣,飼料用玉蜀黍,0,0,0,0,
2016,基隆市,飼料用玉蜀黍,0,0,0,0,
2016,新竹市,飼料用玉蜀黍,0,0,0,0,
2016,嘉義市,飼料用玉蜀黍,2.18,2.18,IF(E65=0，0，G65/E65*1000),14.17,
2016,金門縣,飼料用玉蜀黍,0,0,0,0,
2016,連江縣,飼料用玉蜀黍,0,0,0,0,
2016,新北市,食用玉蜀黍,90.41,90.41,4028.82,364.246,
2016,台北市,食用玉蜀黍,6,6,4975.67,29.854,
2016,台中市,食用玉蜀黍,36.74,36.74,4662.41,171.297,
2016,台南市,食用玉蜀黍,241.26,241.26,5979.03,1442.501,
2016,高雄市,食用玉蜀黍,2104.45,2080.07,6917.66,14389.21,
2016,宜蘭縣,食用玉蜀黍,964.82,964.82,6045.36,5832.688,
2016,桃園縣,食用玉蜀黍,33.96,33.96,4759.36,161.628,
2016,新竹縣,食用玉蜀黍,102.35,102.35,7293.1,746.449,
2016,苗栗縣,食用玉蜀黍,309.56,309.56,7375.72,2283.227,
2016,彰化縣,食用玉蜀黍,734.4,734.4,6576.08,4829.471,
2016,南投縣,食用玉蜀黍,242.74,242.74,6891.33,1672.801,
2016,雲林縣,食用玉蜀黍,5551.52,5551.52,8336.53,46280.416,
2016,嘉義縣,食用玉蜀黍,1840.29,1840.29,6022,11082.234,
2016,屏東縣,食用玉蜀黍,823.86,823.86,5867.01,4833.594,
2016,台東縣,食用玉蜀黍,246.9,246.9,4987.81,1231.491,
2016,花蓮縣,食用玉蜀黍,820.66,818.66,4799.91,3929.498,
2016,澎湖縣,食用玉蜀黍,40.79,40.79,7365.16,300.425,
2016,基隆市,食用玉蜀黍,0.33,0.33,6369.7,2.102,
2016,新竹市,食用玉蜀黍,14.96,14.96,5100.67,76.306,
2016,嘉義市,食用玉蜀黍,12.8,12.8,6444.69,82.492,
2016,金門縣,食用玉蜀黍,1.16,1.16,6897.41,8.001,
2016,連江縣,食用玉蜀黍,0,0,0,0,
2016,新北市,粟,0,0,0,0,
2016,台北市,粟,0,0,0,0,
2016,台中市,粟,0.05,0.05,2500,0.125,
2016,台南市,粟,0,0,0,0,
2016,高雄市,粟,0.17,0.17,1700,0.289,
2016,宜蘭縣,粟,4.01,4.01,2400.25,9.625,
2016,桃園縣,粟,0,0,0,0,
2016,新竹縣,粟,0,0,0,0,
2016,苗栗縣,粟,1.6,1.6,1600,2.56,
2016,彰化縣,粟,0,0,0,0,
2016,南投縣,粟,0,0,0,0,
2016,雲林縣,粟,0.8,0.8,2000,1.6,
2016,嘉義縣,粟,0,0,0,0,
2016,屏東縣,粟,67.26,67.26,1610.47,108.32,
2016,台東縣,粟,195,195,1523.23,297.029,
2016,花蓮縣,粟,0,0,0,0,
2016,澎湖縣,粟,0,0,0,0,
2016,基隆市,粟,0,0,0,0,
2016,新竹市,粟,0,0,0,0,
2016,嘉義市,粟,0,0,0,0,
2016,金門縣,粟,0,0,0,0,
2016,連江縣,粟,0,0,0,0,
2016,新北市,蜀黍,0,0,0,0,
2016,台北市,蜀黍,0,0,0,0,
2016,台中市,蜀黍,0,0,0,0,
2016,台南市,蜀黍,0.53,0.53,2786.79,1.477,
2016,高雄市,蜀黍,1.9,1.9,2947.37,5.6,
2016,宜蘭縣,蜀黍,0.1,0.1,2400,0.24,
2016,桃園縣,蜀黍,0.06,0.06,1000,0.06,
2016,新竹縣,蜀黍,1.6,1.6,4000,6.4,
2016,苗栗縣,蜀黍,26,26,4000,104,
2016,彰化縣,蜀黍,0.47,0.47,1872.34,0.88,
2016,南投縣,蜀黍,0,0,0,0,
2016,雲林縣,蜀黍,2.65,2.65,3569.81,9.46,
2016,嘉義縣,蜀黍,0.43,0.43,3500,1.505,
2016,屏東縣,蜀黍,2.65,2.65,2169.43,5.749,
2016,台東縣,蜀黍,10.81,10.81,1254.3,13.559,
2016,花蓮縣,蜀黍,10.3,10.3,3500,36.05,
2016,澎湖縣,蜀黍,0.16,0.16,2100,0.336,
2016,基隆市,蜀黍,0,0,0,0,
2016,新竹市,蜀黍,0,0,0,0,
2016,嘉義市,蜀黍,0,0,0,0,
2016,金門縣,蜀黍,1969.07,1969.07,709.07,1396.218,
2016,連江縣,蜀黍,0,0,0,0,
2016,新北市,其他糧食作物,0,0,0,0,
2016,台北市,其他糧食作物,0,0,0,0,
2016,台中市,其他糧食作物,2.15,2.15,1199.53,2.579,
2016,台南市,其他糧食作物,44.25,44.25,1909.65,84.502,
2016,高雄市,其他糧食作物,18.21,18.21,1921.03,34.982,
2016,宜蘭縣,其他糧食作物,16.74,16.74,931.9,15.6,
2016,桃園縣,其他糧食作物,0.36,0.36,3275,1.179,
2016,新竹縣,其他糧食作物,5,5,980,4.9,
2016,苗栗縣,其他糧食作物,8.12,8.12,1761.08,14.3,
2016,彰化縣,其他糧食作物,154.03,154.03,2291.64,352.982,
2016,南投縣,其他糧食作物,6.25,6.25,2379.2,14.87,
2016,雲林縣,其他糧食作物,39.43,39.43,1776.82,70.06,
2016,嘉義縣,其他糧食作物,75.2,75.2,2130.93,160.246,
2016,屏東縣,其他糧食作物,82.82,82.82,1619.1,134.094,
2016,台東縣,其他糧食作物,83.65,83.65,1162.3,97.226,
2016,花蓮縣,其他糧食作物,9.56,9.56,2378.97,22.743,
2016,澎湖縣,其他糧食作物,0,0,0,0,
2016,基隆市,其他糧食作物,0,0,0,0,
2016,新竹市,其他糧食作物,0,0,0,0,
2016,嘉義市,其他糧食作物,0,0,0,0,
2016,金門縣,其他糧食作物,0,0,0,0,
2016,連江縣,其他糧食作物,0,0,0,0,
2016,新北市,大豆,0,0,0,0,
2016,台北市,大豆,0,0,0,0,
2016,台中市,大豆,115.49,115.49,995.8,115.005,
2016,台南市,大豆,109.99,109.99,1915.08,210.64,
2016,高雄市,大豆,359.27,287.8,1515.59,436.186,
2016,宜蘭縣,大豆,130.01,130.01,1507.58,196,
2016,桃園縣,大豆,1.68,1.68,1607.74,2.701,
2016,新竹縣,大豆,1.3,1.3,1700,2.21,
2016,苗栗縣,大豆,126.48,126.48,835.37,105.658,
2016,彰化縣,大豆,128.46,128.46,1461.57,187.753,
2016,南投縣,大豆,0.52,0.52,1480.77,0.77,
2016,雲林縣,大豆,333.06,333.06,1648.91,549.186,
2016,嘉義縣,大豆,423.82,423.82,1376.61,583.433,
2016,屏東縣,大豆,354.86,354.86,1520.53,539.576,
2016,台東縣,大豆,0.99,0.99,1105.05,1.094,
2016,花蓮縣,大豆,89.8,89.8,1445.72,129.826,
2016,澎湖縣,大豆,0,0,0,0,
2016,基隆市,大豆,0,0,0,0,
2016,新竹市,大豆,1,1,1200,1.2,
2016,嘉義市,大豆,0,0,0,0,
2016,金門縣,大豆,0,0,0,0,
2016,連江縣,大豆,0,0,0,0,
2016,新北市,花豆,0,0,0,0,
2016,台北市,花豆,0,0,0,0,
2016,台中市,花豆,0.08,0.08,1000,0.08,
2016,台南市,花豆,0.1,0.1,1200,0.12,
2016,高雄市,花豆,0.25,0.25,2400,0.6,
2016,宜蘭縣,花豆,0.16,0.16,2500,0.4,
2016,桃園縣,花豆,0,0,0,0,
2016,新竹縣,花豆,0,0,0,0,
2016,苗栗縣,花豆,0,0,0,0,
2016,彰化縣,花豆,1.61,1.61,1772.67,2.854,
2016,南投縣,花豆,0,0,0,0,
2016,雲林縣,花豆,1.48,1.48,2424.32,3.588,
2016,嘉義縣,花豆,0.6,0.6,1920,1.152,
2016,屏東縣,花豆,0.17,0.17,2658.82,0.452,
2016,台東縣,花豆,1.2,1.2,1005,1.206,
2016,花蓮縣,花豆,0.02,0.02,1800,0.036,
2016,澎湖縣,花豆,0,0,0,0,
2016,基隆市,花豆,0,0,0,0,
2016,新竹市,花豆,0,0,0,0,
2016,嘉義市,花豆,0,0,0,0,
2016,金門縣,花豆,0,0,0,0,
2016,連江縣,花豆,0,0,0,0,
2016,新北市,綠豆,0,0,0,0,
2016,台北市,綠豆,0,0,0,0,
2016,台中市,綠豆,0,0,0,0,
2016,台南市,綠豆,0.2,0.2,980,0.196,
2016,高雄市,綠豆,60.53,60.32,1009.55,60.896,
2016,宜蘭縣,綠豆,48.03,48.03,1446.16,69.459,
2016,桃園縣,綠豆,0,0,0,0,
2016,新竹縣,綠豆,0,0,0,0,
2016,苗栗縣,綠豆,0,0,0,0,
2016,彰化縣,綠豆,0.49,0.49,1212.24,0.594,
2016,南投縣,綠豆,0,0,0,0,
2016,雲林縣,綠豆,2.09,2.09,1033.01,2.159,
2016,嘉義縣,綠豆,61.14,61.14,851.14,52.039,
2016,屏東縣,綠豆,0,0,0,0,
2016,台東縣,綠豆,1.3,1.3,938.46,1.22,
2016,花蓮縣,綠豆,0.45,0.45,833.33,0.375,
2016,澎湖縣,綠豆,0,0,0,0,
2016,基隆市,綠豆,0,0,0,0,
2016,新竹市,綠豆,0,0,0,0,
2016,嘉義市,綠豆,0,0,0,0,
2016,金門縣,綠豆,0,0,0,0,
2016,連江縣,綠豆,0,0,0,0,
2016,新北市,紅豆,0,0,0,0,
2016,台北市,紅豆,0,0,0,0,
2016,台中市,紅豆,0,0,0,0,
2016,台南市,紅豆,3.7,3.7,1280,4.736,
2016,高雄市,紅豆,26.75,23.28,1908.25,44.424,
2016,宜蘭縣,紅豆,1588.39,1588.39,1657.67,2633.02,
2016,桃園縣,紅豆,0,0,0,0,
2016,新竹縣,紅豆,0.1,0.1,1800,0.18,
2016,苗栗縣,紅豆,0,0,0,0,
2016,彰化縣,紅豆,0.04,0.04,1000,0.04,
2016,南投縣,紅豆,0.02,0.02,1000,0.02,
2016,雲林縣,紅豆,0.93,0.82,1258.54,1.032,
2016,嘉義縣,紅豆,24.81,24.81,1816.93,45.078,
2016,屏東縣,紅豆,4658.93,4658.63,1988.11,9261.86,
2016,台東縣,紅豆,0,0,0,0,
2016,花蓮縣,紅豆,1.4,1.4,1000,1.4,
2016,澎湖縣,紅豆,0,0,0,0,
2016,基隆市,紅豆,0,0,0,0,
2016,新竹市,紅豆,0,0,0,0,
2016,嘉義市,紅豆,0,0,0,0,
2016,金門縣,紅豆,0,0,0,0,
2016,連江縣,紅豆,0,0,0,0,
2016,新北市,落花生,32.08,32.08,1667.02,53.478,
2016,台北市,落花生,0,0,0,0,
2016,台中市,落花生,5.77,5.77,1837.78,10.604,
2016,台南市,落花生,360.09,360.09,2587.24,931.641,
2016,高雄市,落花生,416.79,416.79,2336.38,973.78,
2016,宜蘭縣,落花生,197.19,197.19,2405.26,474.294,
2016,桃園縣,落花生,99.46,99.46,2786.57,277.152,
2016,新竹縣,落花生,10.4,10.4,2468.75,25.675,
2016,苗栗縣,落花生,96.17,96.17,1802.51,173.347,
2016,彰化縣,落花生,3133.14,3132.74,2162.22,6773.675,
2016,南投縣,落花生,12.75,12.75,2091.53,26.667,
2016,雲林縣,落花生,15851.04,15851.04,3133.99,49677.026,
2016,嘉義縣,落花生,418.01,418.01,2318.16,969.016,
2016,屏東縣,落花生,144.96,144.96,2439.13,353.576,
2016,台東縣,落花生,44.44,44.44,1495.43,66.457,
2016,花蓮縣,落花生,437.32,437.32,1915.74,837.79,
2016,澎湖縣,落花生,152.83,152.83,1118.12,170.883,
2016,基隆市,落花生,0.05,0.05,1200,0.06,
2016,新竹市,落花生,2.83,2.83,2168.2,6.136,
2016,嘉義市,落花生,0.77,0.77,4048.05,3.117,
2016,金門縣,落花生,14.2,14.2,1934.79,27.474,
2016,連江縣,落花生,0,0,0,0,
2016,新北市,其他豆類,0,0,0,0,
2016,台北市,其他豆類,0,0,0,0,
2016,台中市,其他豆類,1.47,1.47,1900,2.793,
2016,台南市,其他豆類,0.7,0.7,1424.29,0.997,
2016,高雄市,其他豆類,139.98,135.45,1118.38,151.485,
2016,宜蘭縣,其他豆類,20.85,20.85,2280.24,47.543,
2016,桃園縣,其他豆類,8.63,8.63,1763.73,15.221,
2016,新竹縣,其他豆類,23,23,1473.74,33.896,
2016,苗栗縣,其他豆類,0.37,0.37,1810.81,0.67,
2016,彰化縣,其他豆類,7.01,7.01,1740.51,12.201,
2016,南投縣,其他豆類,0.9,0.9,1844.44,1.66,
2016,雲林縣,其他豆類,25.83,25.83,1760.39,45.471,
2016,嘉義縣,其他豆類,2.2,2.2,1227.27,2.7,
2016,屏東縣,其他豆類,21.52,21.52,1681.09,36.177,
2016,台東縣,其他豆類,65.04,65.04,1584.44,103.052,
2016,花蓮縣,其他豆類,22.42,22.42,1506.51,33.776,
2016,澎湖縣,其他豆類,0,0,0,0,
2016,基隆市,其他豆類,0,0,0,0,
2016,新竹市,其他豆類,0,0,0,0,
2016,嘉義市,其他豆類,0,0,0,0,
2016,金門縣,其他豆類,0,0,0,0,
2016,連江縣,其他豆類,0,0,0,0,
2015,新北市,甘藷,411.67,411.67,17732.3,7299.855,
2015,台北市,甘藷,72.01,72.01,9435.11,679.422,
2015,桃園市,甘藷,61.1,61.1,20321.6,1241.65,
2015,台中市,甘藷,822.79,822.79,19963.27,16425.581,
2015,台南市,甘藷,1299.04,1299.04,28679.3,37255.564,
2015,高雄市,甘藷,222.91,222.91,18347.89,4089.928,
2015,宜蘭縣,甘藷,69.97,69.69,18995.91,1323.825,
2015,新竹縣,甘藷,80.76,80.76,15926.18,1286.198,
2015,苗栗縣,甘藷,359.12,359.12,18213.23,6540.735,
2015,彰化縣,甘藷,1319.34,1319.34,31728.44,41860.595,
2015,南投縣,甘藷,68.4,68.4,18237.87,1247.47,
2015,雲林縣,甘藷,3808.27,3808.27,24025.9,91497.108,
2015,嘉義縣,甘藷,411.71,411.71,22693.96,9343.332,
2015,屏東縣,甘藷,160.32,160.28,14870.2,2383.395,
2015,台東縣,甘藷,280.68,280.68,9608.51,2696.917,
2015,花蓮縣,甘藷,251.21,250.01,15012.85,3753.363,
2015,澎湖縣,甘藷,90.42,90.31,11443.2,1033.435,
2015,基隆市,甘藷,1.49,1.49,10151.01,15.125,
2015, 新竹市,甘藷,12.09,12.09,17165.92,207.536,
2015,嘉義市,甘藷,5.66,5.66,18173.32,102.861,
2015,金門縣,甘藷,10.15,10.15,19420.99,197.123,
2015,連江縣,甘藷,0,0,0,0,
2015,新北市,小麥,0,0,0,0,
2015,台北市,小麥,0,0,0,0,
2015,桃園市,小麥,23.17,23.17,1569.18,36.358,
2015,台中市,小麥,147.3,147.3,3030.59,446.406,
2015,台南市,小麥,103.99,103.99,1972.93,205.165,
2015,高雄市,小麥,0.6,0.6,2000,1.2,
2015,宜蘭縣,小麥,0,0,0,0,
2015,新竹縣,小麥,0.84,0.84,2500,2.1,
2015,苗栗縣,小麥,11.86,11.86,2300,27.278,
2015,彰化縣,小麥,135.1,135.1,3753.9,507.152,
2015,南投縣,小麥,0,0,0,0,
2015,雲林縣,小麥,0.3,0.3,1900,0.57,
2015,嘉義縣,小麥,56.15,56.15,3878.15,217.758,
2015,屏東縣,小麥,0.5,0.5,2100,1.05,
2015,台東縣,小麥,16.3,16.3,1480.98,24.14,
2015,花蓮縣,小麥,4.9,4.9,1500,7.35,
2015,澎湖縣,小麥,0,0,0,0,
2015,基隆市,小麥,0,0,0,0,
2015, 新竹市,小麥,0,0,0,0,
2015,嘉義市,小麥,0,0,0,0,
2015,金門縣,小麥,2615.3,2615.3,2239.97,5858.2,
2015,連江縣,小麥,0,0,0,0,
2015,新北市,飼料用玉蜀黍,0,0,0,0,
2015,台北市,飼料用玉蜀黍,0,0,0,0,
2015,桃園市,飼料用玉蜀黍,0,0,0,0,
2015,台中市,飼料用玉蜀黍,0.7,0.7,4485.71,3.14,
2015,台南市,飼料用玉蜀黍,7807.58,7807.58,4581.68,35771.795,
2015,高雄市,飼料用玉蜀黍,10.3,10.3,4000,41.2,
2015,宜蘭縣,飼料用玉蜀黍,0,0,0,0,
2015,新竹縣,飼料用玉蜀黍,0,0,0,0,
2015,苗栗縣,飼料用玉蜀黍,0.2,0.2,6000,1.2,
2015,彰化縣,飼料用玉蜀黍,74.22,74.22,5631.03,417.935,
2015,南投縣,飼料用玉蜀黍,0,0,0,0,
2015,雲林縣,飼料用玉蜀黍,753.97,753.97,4656.34,3510.741,
2015,嘉義縣,飼料用玉蜀黍,6229.55,6229.55,4481.32,27916.594,
2015,屏東縣,飼料用玉蜀黍,27.77,27.77,5442.28,151.132,
2015,台東縣,飼料用玉蜀黍,32.8,32.8,5646.34,185.2,
2015,花蓮縣,飼料用玉蜀黍,197.88,197.28,3523.9,695.195,
2015,澎湖縣,飼料用玉蜀黍,0,0,0,0,
2015,基隆市,飼料用玉蜀黍,0,0,0,0,
2015, 新竹市,飼料用玉蜀黍,0,0,0,0,
2015,嘉義市,飼料用玉蜀黍,0,0,0,0,
2015,金門縣,飼料用玉蜀黍,0,0,0,0,
2015,連江縣,飼料用玉蜀黍,0,0,0,0,
2015,新北市,食用玉蜀黍,92.66,92.66,3978.06,368.607,
2015,台北市,食用玉蜀黍,5.57,5.57,5046.68,28.11,
2015,桃園市,食用玉蜀黍,29.01,29.01,5079.66,147.361,
2015,台中市,食用玉蜀黍,206.78,206.78,6074.93,1256.174,
2015,台南市,食用玉蜀黍,1715.65,1715.65,7825.01,13424.979,
2015,高雄市,食用玉蜀黍,874.13,874.13,6198.11,5417.95,
2015,宜蘭縣,食用玉蜀黍,28.25,27.95,4589.66,128.281,
2015,新竹縣,食用玉蜀黍,76.8,76.8,6946.81,533.515,
2015,苗栗縣,食用玉蜀黍,377.82,377.82,7575.57,2862.202,
2015,彰化縣,食用玉蜀黍,486.38,486.38,6744.66,3280.469,
2015,南投縣,食用玉蜀黍,209.07,207.97,7201.52,1497.7,
2015,雲林縣,食用玉蜀黍,5429.67,5429.67,9116.43,49499.231,
2015,嘉義縣,食用玉蜀黍,1489.31,1489.07,6056.05,9017.88,
2015,屏東縣,食用玉蜀黍,796.9,796.3,6510.79,5184.541,
2015,台東縣,食用玉蜀黍,168.93,168.93,5375.44,908.073,
2015,花蓮縣,食用玉蜀黍,558.19,558.19,4623.68,2580.894,
2015,澎湖縣,食用玉蜀黍,40.88,40.88,7325.76,299.477,
2015,基隆市,食用玉蜀黍,0.02,0.02,4500,0.09,
2015, 新竹市,食用玉蜀黍,14.84,14.84,5139.42,76.269,
2015,嘉義市,食用玉蜀黍,12.21,12.21,6692.47,81.715,
2015,金門縣,食用玉蜀黍,2.7,2.7,7281.11,19.659,
2015,連江縣,食用玉蜀黍,0,0,0,0,
2015,新北市,粟,0,0,0,0,
2015,台北市,粟,0,0,0,0,
2015,桃園市,粟,0,0,0,0,
2015,台中市,粟,0,0,0,0,
2015,台南市,粟,0,0,0,0,
2015,高雄市,粟,4.6,4.6,2734.35,12.578,
2015,宜蘭縣,粟,0,0,0,0,
2015,新竹縣,粟,0,0,0,0,
2015,苗栗縣,粟,3.7,3.7,2000,7.4,
2015,彰化縣,粟,0.05,0.05,1600,0.08,
2015,南投縣,粟,0,0,0,0,
2015,雲林縣,粟,7.37,7.37,1200,8.844,
2015,嘉義縣,粟,0,0,0,0,
2015,屏東縣,粟,103.85,103.85,1801.5,187.086,
2015,台東縣,粟,241.28,240.58,1883.81,453.206,
2015,花蓮縣,粟,0,0,0,0,
2015,澎湖縣,粟,0,0,0,0,
2015,基隆市,粟,0,0,0,0,
2015, 新竹市,粟,0,0,0,0,
2015,嘉義市,粟,0,0,0,0,
2015,金門縣,粟,0,0,0,0,
2015,連江縣,粟,0,0,0,0,
2015,新北市,蜀黍,0,0,0,0,
2015,台北市,蜀黍,0,0,0,0,
2015,桃園市,蜀黍,0.15,0.15,2200,0.33,
2015,台中市,蜀黍,0.62,0.62,2701.61,1.675,
2015,台南市,蜀黍,0.5,0.5,2700,1.35,
2015,高雄市,蜀黍,0,0,0,0,
2015,宜蘭縣,蜀黍,0.25,0.25,1100,0.275,
2015,新竹縣,蜀黍,0,0,0,0,
2015,苗栗縣,蜀黍,0.19,0.19,4000,0.76,
2015,彰化縣,蜀黍,0.2,0.2,1200,0.24,
2015,南投縣,蜀黍,0,0,0,0,
2015,雲林縣,蜀黍,1.64,1.64,3231.71,5.3,
2015,嘉義縣,蜀黍,1.67,1.67,3769.46,6.295,
2015,屏東縣,蜀黍,2.68,2.68,2889.18,7.743,
2015,台東縣,蜀黍,0.55,0.55,3036.36,1.67,
2015,花蓮縣,蜀黍,0,0,0,0,
2015,澎湖縣,蜀黍,0.18,0.18,2300,0.414,
2015,基隆市,蜀黍,0,0,0,0,
2015, 新竹市,蜀黍,0,0,0,0,
2015,嘉義市,蜀黍,0,0,0,0,
2015,金門縣,蜀黍,1873.58,1873.58,1540.88,2886.969,
2015,連江縣,蜀黍,0,0,0,0,
2015,新北市,其他糧食作物,0.02,0.02,150,0.003,
2015,台北市,其他糧食作物,0,0,0,0,
2015,桃園市,其他糧食作物,0,0,0,0,
2015,台中市,其他糧食作物,39.4,39.4,2289.11,90.191,
2015,台南市,其他糧食作物,33.15,33.15,2696.41,89.386,
2015,高雄市,其他糧食作物,3,3,508.67,1.526,
2015,宜蘭縣,其他糧食作物,0.51,0.46,2997.83,1.379,
2015,新竹縣,其他糧食作物,0,0,0,0,
2015,苗栗縣,其他糧食作物,0.5,0.5,2000,1,
2015,彰化縣,其他糧食作物,76.01,76.01,1907.46,144.986,
2015,南投縣,其他糧食作物,3.3,3.3,2496.97,8.24,
2015,雲林縣,其他糧食作物,0,0,0,0,
2015,嘉義縣,其他糧食作物,51.43,51.43,2228.74,114.624,
2015,屏東縣,其他糧食作物,79.62,79.62,1792.26,142.7,
2015,台東縣,其他糧食作物,37.83,37.83,1528.68,57.83,
2015,花蓮縣,其他糧食作物,3.49,3.49,2376.79,8.295,
2015,澎湖縣,其他糧食作物,0,0,0,0,
2015,基隆市,其他糧食作物,0,0,0,0,
2015, 新竹市,其他糧食作物,0,0,0,0,
2015,嘉義市,其他糧食作物,0,0,0,0,
2015,金門縣,其他糧食作物,0,0,0,0,
2015,連江縣,其他糧食作物,0,0,0,0,
2015,新北市,大豆,0,0,0,0,
2015,台北市,大豆,0,0,0,0,
2015,桃園市,大豆,58.6,58.6,1155.8,67.73,
2015,台中市,大豆,99.25,99.25,1816.77,180.314,
2015,台南市,大豆,273.45,273.45,1446.73,395.607,
2015,高雄市,大豆,136.84,136.84,1764.94,241.515,
2015,宜蘭縣,大豆,2.46,2.46,1480.08,3.641,
2015,新竹縣,大豆,0,0,0,0,
2015,苗栗縣,大豆,84.64,84.64,1076.45,91.111,
2015,彰化縣,大豆,113.7,113.7,1461.04,166.12,
2015,南投縣,大豆,0,0,0,0,
2015,雲林縣,大豆,232.35,228.05,2078.83,474.078,
2015,嘉義縣,大豆,262.93,262.93,1752.66,460.827,
2015,屏東縣,大豆,309.9,309.9,1717.54,532.265,
2015,台東縣,大豆,0,0,0,0,
2015,花蓮縣,大豆,78.17,78.17,1425.61,111.44,
2015,澎湖縣,大豆,0,0,0,0,
2015,基隆市,大豆,0,0,0,0,
2015, 新竹市,大豆,0,0,0,0,
2015,嘉義市,大豆,0,0,0,0,
2015,金門縣,大豆,0,0,0,0,
2015,連江縣,大豆,0,0,0,0,
2015,新北市,花豆,0,0,0,0,
2015,台北市,花豆,0,0,0,0,
2015,桃園市,花豆,0,0,0,0,
2015,台中市,花豆,0,0,0,0,
2015,台南市,花豆,0.2,0.2,2750,0.55,
2015,高雄市,花豆,0.01,0.01,2000,0.02,
2015,宜蘭縣,花豆,0,0,0,0,
2015,新竹縣,花豆,0.05,0.05,1000,0.05,
2015,苗栗縣,花豆,0,0,0,0,
2015,彰化縣,花豆,0.95,0.95,2000,1.9,
2015,南投縣,花豆,0,0,0,0,
2015,雲林縣,花豆,0.3,0.3,2500,0.75,
2015,嘉義縣,花豆,0.4,0.4,800,0.32,
2015,屏東縣,花豆,0.48,0.48,2279.17,1.094,
2015,台東縣,花豆,0.3,0.3,1383.33,0.415,
2015,花蓮縣,花豆,0,0,0,0,
2015,澎湖縣,花豆,0,0,0,0,
2015,基隆市,花豆,0,0,0,0,
2015, 新竹市,花豆,0,0,0,0,
2015,嘉義市,花豆,0,0,0,0,
2015,金門縣,花豆,0,0,0,0,
2015,連江縣,花豆,0,0,0,0,
2015,新北市,綠豆,0,0,0,0,
2015,台北市,綠豆,0,0,0,0,
2015,桃園市,綠豆,0,0,0,0,
2015,台中市,綠豆,0,0,0,0,
2015,台南市,綠豆,59.23,59.23,1216.26,72.039,
2015,高雄市,綠豆,18.66,18.66,1661.36,31.001,
2015,宜蘭縣,綠豆,0.17,0.17,417.65,0.071,
2015,新竹縣,綠豆,0,0,0,0,
2015,苗栗縣,綠豆,0,0,0,0,
2015,彰化縣,綠豆,0,0,0,0,
2015,南投縣,綠豆,0,0,0,0,
2015,雲林縣,綠豆,1.01,1.01,1217.82,1.23,
2015,嘉義縣,綠豆,47.82,47.82,827.19,39.556,
2015,屏東縣,綠豆,0,0,0,0,
2015,台東縣,綠豆,1.3,1.3,1007.69,1.31,
2015,花蓮縣,綠豆,0.65,0.65,1307.69,0.85,
2015,澎湖縣,綠豆,0,0,0,0,
2015,基隆市,綠豆,0,0,0,0,
2015, 新竹市,綠豆,0,0,0,0,
2015,嘉義市,綠豆,0,0,0,0,
2015,金門縣,綠豆,0,0,0,0,
2015,連江縣,綠豆,0,0,0,0,
2015,新北市,紅豆,0,0,0,0,
2015,台北市,紅豆,0,0,0,0,
2015,桃園市,紅豆,0,0,0,0,
2015,台中市,紅豆,3.05,3.05,1250.16,3.813,
2015,台南市,紅豆,48.27,48.27,1772.49,85.558,
2015,高雄市,紅豆,1503.45,1503.45,2113.76,3177.933,
2015,宜蘭縣,紅豆,0,0,0,0,
2015,新竹縣,紅豆,0,0,0,0,
2015,苗栗縣,紅豆,0.6,0.6,1000,0.6,
2015,彰化縣,紅豆,0.17,0.17,1776.47,0.302,
2015,南投縣,紅豆,0,0,0,0,
2015,雲林縣,紅豆,2.85,2.85,1505.96,4.292,
2015,嘉義縣,紅豆,25.17,25.17,1794.64,45.171,
2015,屏東縣,紅豆,4505.31,4505.31,2096.93,9447.326,
2015,台東縣,紅豆,0,0,0,0,
2015,花蓮縣,紅豆,0,0,0,0,
2015,澎湖縣,紅豆,0,0,0,0,
2015,基隆市,紅豆,0,0,0,0,
2015, 新竹市,紅豆,0,0,0,0,
2015,嘉義市,紅豆,0,0,0,0,
2015,金門縣,紅豆,0,0,0,0,
2015,連江縣,紅豆,0,0,0,0,
2015,新北市,落花生,35.86,35.86,1675.91,60.098,
2015,台北市,落花生,0,0,0,0,
2015,桃園市,落花生,4.16,4.16,1946.15,8.096,
2015,台中市,落花生,372.16,372.16,2568.34,955.832,
2015,台南市,落花生,275.36,275.36,2382.61,656.076,
2015,高雄市,落花生,199.06,199.06,2411.79,480.09,
2015,宜蘭縣,落花生,92.85,92.84,2654.79,246.471,
2015,新竹縣,落花生,7.63,7.63,2766.71,21.11,
2015,苗栗縣,落花生,106.27,106.27,1974.68,209.849,
2015,彰化縣,落花生,3282.6,3282.6,2202.46,7229.8,
2015,南投縣,落花生,13.2,13.2,2172.35,28.675,
2015,雲林縣,落花生,15139.31,15139.31,3275.04,49581.856,
2015,嘉義縣,落花生,402.24,402.24,2694.13,1083.685,
2015,屏東縣,落花生,195.27,195.27,2567.64,501.384,
2015,台東縣,落花生,39.69,39.69,2313.25,91.813,
2015,花蓮縣,落花生,362.43,362.43,1799.39,652.153,
2015,澎湖縣,落花生,172.39,172.07,1113.13,191.537,
2015,基隆市,落花生,0.04,0.04,1200,0.048,
2015, 新竹市,落花生,2.53,2.53,2095.65,5.302,
2015,嘉義市,落花生,0.6,0.6,5000,3,
2015,金門縣,落花生,39.23,39.23,1950.04,76.5,
2015,連江縣,落花生,0,0,0,0,
2015,新北市,其他豆類,0,0,0,0,
2015,台北市,其他豆類,0,0,0,0,
2015,桃園市,其他豆類,6.65,6.65,1937.14,12.882,
2015,台中市,其他豆類,4.62,4.62,1593.07,7.36,
2015,台南市,其他豆類,56.37,56.37,1041.88,58.731,
2015,高雄市,其他豆類,23.87,23.87,2326.23,55.527,
2015,宜蘭縣,其他豆類,7.49,7.49,2290.52,17.156,
2015,新竹縣,其他豆類,37.28,37.28,1757.11,65.505,
2015,苗栗縣,其他豆類,1.35,1.35,1485.19,2.005,
2015,彰化縣,其他豆類,2.78,2.78,1754.68,4.878,
2015,南投縣,其他豆類,0.5,0.5,2040,1.02,
2015,雲林縣,其他豆類,10.93,10.93,1774.57,19.396,
2015,嘉義縣,其他豆類,0.68,0.68,1219.12,0.829,
2015,屏東縣,其他豆類,10.59,10.39,1965.74,20.424,
2015,台東縣,其他豆類,63.15,63.15,1747.71,110.368,
2015,花蓮縣,其他豆類,22.37,22.37,1512.74,33.84,
2015,澎湖縣,其他豆類,0,0,0,0,
2015,基隆市,其他豆類,0,0,0,0,
2015, 新竹市,其他豆類,0,0,0,0,
2015,嘉義市,其他豆類,0,0,0,0,
2015,金門縣,其他豆類,0,0,0,0,
2015,連江縣,其他豆類,0,0,0,0,
2014,新北市,甘藷,420,420,13870,5825,
2014,台北市,甘藷,81,81,9290,757,
2014,台中市,甘藷,859,859,21434,18415,
2014,台南市,甘藷,922,922,28819,26558,
2014,高雄市,甘藷,220,220,19314,4248,
2014,宜蘭縣,甘藷,68,68,20886,1430,
2014,桃園縣,甘藷,90,90,19424,1750,
2014,新竹縣,甘藷,105,105,17335,1815,
2014,苗栗縣,甘藷,374,374,19803,7404,
2014,彰化縣,甘藷,1263,1263,32312,40819,
2014,南投縣,甘藷,62,62,18310,1135,
2014,雲林縣,甘藷,4367,4367,23971,104678,
2014,嘉義縣,甘藷,463,463,20259,9372,
2014,屏東縣,甘藷,222,222,14316,3173,
2014,台東縣,甘藷,295,295,9733,2867,
2014,花蓮縣,甘藷,194,194,15256,2962,
2014,澎湖縣,甘藷,93,93,11751,1089,
2014,基隆市,甘藷,1,1,9954,11,
2014,新竹市,甘藷,14,14,18555,267,
2014,嘉義市,甘藷,4,4,18783,75,
2014,金門縣,甘藷,12,12,19418,234,
2014,連江縣,甘藷,-,-,-,-,
2014,新北市,小麥,-,-,-,-,
2014,台北市,小麥,-,-,-,-,
2014,台中市,小麥,92,92,3474,319,
2014,台南市,小麥,58,58,2146,123,
2014,高雄市,小麥,1,1,2000,2,
2014,宜蘭縣,小麥,-,-,-,-,
2014,桃園縣,小麥,43,43,1315,57,
2014,新竹縣,小麥,-,-,-,-,
2014,苗栗縣,小麥,33,33,2500,83,
2014,彰化縣,小麥,46,46,3980,183,
2014,南投縣,小麥,-,-,-,-,
2014,雲林縣,小麥,-,-,-,-,
2014,嘉義縣,小麥,34,34,1681,57,
2014,屏東縣,小麥,-,-,-,-,
2014,台東縣,小麥,13,13,1499,19,
2014,花蓮縣,小麥,1,1,1600,1,
2014,澎湖縣,小麥,-,-,-,-,
2014,基隆市,小麥,-,-,-,-,
2014,新竹市,小麥,-,-,-,-,
2014,嘉義市,小麥,-,-,-,-,
2014,金門縣,小麥,1889,1889,3159,5967,
2014,連江縣,小麥,-,-,-,-,
2014,新北市,飼料用玉蜀黍,-,-,-,-,
2014,台北市,飼料用玉蜀黍,-,-,-,-,
2014,台中市,飼料用玉蜀黍,-,-,-,-,
2014,台南市,飼料用玉蜀黍,7199,7199,4696,33811,
2014,高雄市,飼料用玉蜀黍,337,337,4123,1389,
2014,宜蘭縣,飼料用玉蜀黍,-,-,-,-,
2014,桃園縣,飼料用玉蜀黍,-,-,-,-,
2014,新竹縣,飼料用玉蜀黍,-,-,-,-,
2014,苗栗縣,飼料用玉蜀黍,-,-,-,-,
2014,彰化縣,飼料用玉蜀黍,14,14,5344,74,
2014,南投縣,飼料用玉蜀黍,-,-,-,-,
2014,雲林縣,飼料用玉蜀黍,303,303,4779,1450,
2014,嘉義縣,飼料用玉蜀黍,5406,5406,4493,24291,
2014,屏東縣,飼料用玉蜀黍,19,19,4536,88,
2014,台東縣,飼料用玉蜀黍,70,70,5611,394,
2014,花蓮縣,飼料用玉蜀黍,193,193,3578,689,
2014,澎湖縣,飼料用玉蜀黍,-,-,-,-,
2014,基隆市,飼料用玉蜀黍,-,-,-,-,
2014,新竹市,飼料用玉蜀黍,-,-,-,-,
2014,嘉義市,飼料用玉蜀黍,1,1,4800,6,
2014,金門縣,飼料用玉蜀黍,-,-,-,-,
2014,連江縣,飼料用玉蜀黍,-,-,-,-,
2014,新北市,食用玉蜀黍,92,92,3915,360,
2014,台北市,食用玉蜀黍,6,6,4995,30,
2014,台中市,食用玉蜀黍,228,228,6235,1421,
2014,台南市,食用玉蜀黍,1916,1916,7907,15149,
2014,高雄市,食用玉蜀黍,1002,1002,6373,6385,
2014,宜蘭縣,食用玉蜀黍,26,26,4814,125,
2014,桃園縣,食用玉蜀黍,40,40,5012,199,
2014,新竹縣,食用玉蜀黍,129,129,7778,1002,
2014,苗栗縣,食用玉蜀黍,388,388,7556,2932,
2014,彰化縣,食用玉蜀黍,434,434,7294,3165,
2014,南投縣,食用玉蜀黍,244,244,7595,1855,
2014,雲林縣,食用玉蜀黍,5797,5796,9031,52340,
2014,嘉義縣,食用玉蜀黍,1563,1563,6234,9740,
2014,屏東縣,食用玉蜀黍,844,844,6121,5165,
2014,台東縣,食用玉蜀黍,183,183,5080,928,
2014,花蓮縣,食用玉蜀黍,503,502,4684,2350,
2014,澎湖縣,食用玉蜀黍,40,40,7250,290,
2014,基隆市,食用玉蜀黍,0,0,4571,0,
2014,新竹市,食用玉蜀黍,17,17,5342,93,
2014,嘉義市,食用玉蜀黍,10,10,6576,64,
2014,金門縣,食用玉蜀黍,2,2,6556,13,
2014,連江縣,食用玉蜀黍,-,-,-,-,
2014,新北市,粟,-,-,-,-,
2014,台北市,粟,-,-,-,-,
2014,台中市,粟,-,-,-,-,
2014,台南市,粟,-,-,-,-,
2014,高雄市,粟,4,4,2726,11,
2014,宜蘭縣,粟,-,-,-,-,
2014,桃園縣,粟,-,-,-,-,
2014,新竹縣,粟,-,-,-,-,
2014,苗栗縣,粟,3,3,2000,5,
2014,彰化縣,粟,-,-,-,-,
2014,南投縣,粟,-,-,-,-,
2014,雲林縣,粟,-,-,-,-,
2014,嘉義縣,粟,-,-,-,-,
2014,屏東縣,粟,105,105,1997,210,
2014,台東縣,粟,257,257,1872,482,
2014,花蓮縣,粟,0,0,1200,0,
2014,澎湖縣,粟,-,-,-,-,
2014,基隆市,粟,-,-,-,-,
2014,新竹市,粟,-,-,-,-,
2014,嘉義市,粟,-,-,-,-,
2014,金門縣,粟,-,-,-,-,
2014,連江縣,粟,-,-,-,-,
2014,新北市,蜀黍,-,-,-,-,
2014,台北市,蜀黍,-,-,-,-,
2014,台中市,蜀黍,0,0,3089,1,
2014,台南市,蜀黍,-,-,-,-,
2014,高雄市,蜀黍,0,0,2900,0,
2014,宜蘭縣,蜀黍,-,-,-,-,
2014,桃園縣,蜀黍,-,-,-,-,
2014,新竹縣,蜀黍,-,-,-,-,
2014,苗栗縣,蜀黍,0,0,3500,1,
2014,彰化縣,蜀黍,1,1,2646,3,
2014,南投縣,蜀黍,-,-,-,-,
2014,雲林縣,蜀黍,18,0,3800,1,
2014,嘉義縣,蜀黍,0,0,4000,1,
2014,屏東縣,蜀黍,0,0,2653,1,
2014,台東縣,蜀黍,0,0,3000,1,
2014,花蓮縣,蜀黍,-,-,-,-,
2014,澎湖縣,蜀黍,0,0,2300,0,
2014,基隆市,蜀黍,-,-,-,-,
2014,新竹市,蜀黍,-,-,-,-,
2014,嘉義市,蜀黍,-,-,-,-,
2014,金門縣,蜀黍,2035,2035,1078,2194,
2014,連江縣,蜀黍,-,-,-,-,
2014,新北市,其他糧食作物,-,-,-,-,
2014,台北市,其他糧食作物,-,-,-,-,
2014,台中市,其他糧食作物,48,48,1807,86,
2014,台南市,其他糧食作物,13,13,2101,26,
2014,高雄市,其他糧食作物,9,9,1636,14,
2014,宜蘭縣,其他糧食作物,0,0,3100,0,
2014,桃園縣,其他糧食作物,1,1,1000,1,
2014,新竹縣,其他糧食作物,-,-,-,-,
2014,苗栗縣,其他糧食作物,-,-,-,-,
2014,彰化縣,其他糧食作物,41,41,2796,115,
2014,南投縣,其他糧食作物,10,10,2678,28,
2014,雲林縣,其他糧食作物,-,-,-,-,
2014,嘉義縣,其他糧食作物,33,33,2139,70,
2014,屏東縣,其他糧食作物,80,80,1893,151,
2014,台東縣,其他糧食作物,4,4,2158,8,
2014,花蓮縣,其他糧食作物,12,12,1900,23,
2014,澎湖縣,其他糧食作物,-,-,-,-,
2014,基隆市,其他糧食作物,-,-,-,-,
2014,新竹市,其他糧食作物,-,-,-,-,
2014,嘉義市,其他糧食作物,-,-,-,-,
2014,金門縣,其他糧食作物,-,-,-,-,
2014,連江縣,其他糧食作物,-,-,-,-,
2014,新北市,大豆,-,-,-,-,
2014,台北市,大豆,-,-,-,-,
2014,台中市,大豆,4,4,2400,10,
2014,台南市,大豆,230,230,1620,372,
2014,高雄市,大豆,182,182,1706,310,
2014,宜蘭縣,大豆,2,2,1600,3,
2014,桃園縣,大豆,-,-,-,-,
2014,新竹縣,大豆,-,-,-,-,
2014,苗栗縣,大豆,26,26,1636,42,
2014,彰化縣,大豆,13,13,1500,19,
2014,南投縣,大豆,-,-,-,-,
2014,雲林縣,大豆,50,38,1626,62,
2014,嘉義縣,大豆,66,66,2345,155,
2014,屏東縣,大豆,61,61,1931,117,
2014,台東縣,大豆,5,5,2000,9,
2014,花蓮縣,大豆,42,42,1713,73,
2014,澎湖縣,大豆,-,-,-,-,
2014,基隆市,大豆,-,-,-,-,
2014,新竹市,大豆,-,-,-,-,
2014,嘉義市,大豆,-,-,-,-,
2014,金門縣,大豆,-,-,-,-,
2014,連江縣,大豆,-,-,-,-,
2014,新北市,花豆,-,-,-,-,
2014,台北市,花豆,-,-,-,-,
2014,台中市,花豆,-,-,-,-,
2014,台南市,花豆,0,0,3000,0,
2014,高雄市,花豆,0,0,1820,1,
2014,宜蘭縣,花豆,-,-,-,-,
2014,桃園縣,花豆,-,-,-,-,
2014,新竹縣,花豆,-,-,-,-,
2014,苗栗縣,花豆,-,-,-,-,
2014,彰化縣,花豆,1,1,2000,1,
2014,南投縣,花豆,-,-,-,-,
2014,雲林縣,花豆,0,0,2000,0,
2014,嘉義縣,花豆,0,0,2000,0,
2014,屏東縣,花豆,-,-,-,-,
2014,台東縣,花豆,0,0,1700,1,
2014,花蓮縣,花豆,0,0,1120,0,
2014,澎湖縣,花豆,-,-,-,-,
2014,基隆市,花豆,-,-,-,-,
2014,新竹市,花豆,-,-,-,-,
2014,嘉義市,花豆,-,-,-,-,
2014,金門縣,花豆,-,-,-,-,
2014,連江縣,花豆,-,-,-,-,
2014,新北市,綠豆,-,-,-,-,
2014,台北市,綠豆,-,-,-,-,
2014,台中市,綠豆,-,-,-,-,
2014,台南市,綠豆,127,127,1095,139,
2014,高雄市,綠豆,2,2,1104,2,
2014,宜蘭縣,綠豆,-,-,-,-,
2014,桃園縣,綠豆,-,-,-,-,
2014,新竹縣,綠豆,-,-,-,-,
2014,苗栗縣,綠豆,-,-,-,-,
2014,彰化縣,綠豆,0,0,1000,0,
2014,南投縣,綠豆,-,-,-,-,
2014,雲林縣,綠豆,2,2,1062,2,
2014,嘉義縣,綠豆,14,14,1059,15,
2014,屏東縣,綠豆,-,-,-,-,
2014,台東縣,綠豆,-,-,-,-,
2014,花蓮縣,綠豆,-,-,-,-,
2014,澎湖縣,綠豆,-,-,-,-,
2014,基隆市,綠豆,-,-,-,-,
2014,新竹市,綠豆,-,-,-,-,
2014,嘉義市,綠豆,-,-,-,-,
2014,金門縣,綠豆,-,-,-,-,
2014,連江縣,綠豆,-,-,-,-,
2014,新北市,紅豆,-,-,-,-,
2014,台北市,紅豆,-,-,-,-,
2014,台中市,紅豆,-,-,-,-,
2014,台南市,紅豆,49,49,1954,96,
2014,高雄市,紅豆,1336,1336,1890,2526,
2014,宜蘭縣,紅豆,-,-,-,-,
2014,桃園縣,紅豆,-,-,-,-,
2014,新竹縣,紅豆,-,-,-,-,
2014,苗栗縣,紅豆,-,-,-,-,
2014,彰化縣,紅豆,-,-,-,-,
2014,南投縣,紅豆,-,-,-,-,
2014,雲林縣,紅豆,1,1,1297,2,
2014,嘉義縣,紅豆,17,17,2232,38,
2014,屏東縣,紅豆,4480,4480,2033,9106,
2014,台東縣,紅豆,-,-,-,-,
2014,花蓮縣,紅豆,-,-,-,-,
2014,澎湖縣,紅豆,-,-,-,-,
2014,基隆市,紅豆,-,-,-,-,
2014,新竹市,紅豆,-,-,-,-,
2014,嘉義市,紅豆,-,-,-,-,
2014,金門縣,紅豆,-,-,-,-,
2014,連江縣,紅豆,-,-,-,-,
2014,新北市,落花生,35,35,1607,56,
2014,台北市,落花生,-,-,-,-,
2014,台中市,落花生,342,342,2651,906,
2014,台南市,落花生,311,311,2389,743,
2014,高雄市,落花生,237,237,2389,566,
2014,宜蘭縣,落花生,104,104,2693,279,
2014,桃園縣,落花生,7,7,1888,12,
2014,新竹縣,落花生,11,11,2726,29,
2014,苗栗縣,落花生,97,97,2185,211,
2014,彰化縣,落花生,3247,3247,2601,8444,
2014,南投縣,落花生,18,18,1954,35,
2014,雲林縣,落花生,16022,16022,3407,54583,
2014,嘉義縣,落花生,465,465,2629,1221,
2014,屏東縣,落花生,181,181,2629,475,
2014,台東縣,落花生,42,42,2323,97,
2014,花蓮縣,落花生,323,323,1834,593,
2014,澎湖縣,落花生,174,174,1156,201,
2014,基隆市,落花生,-,-,-,-,
2014,新竹市,落花生,3,3,2147,6,
2014,嘉義市,落花生,1,1,3500,4,
2014,金門縣,落花生,27,27,1924,52,
2014,連江縣,落花生,-,-,-,-,
2014,新北市,其他豆類,-,-,-,-,
2014,台北市,其他豆類,-,-,-,-,
2014,台中市,其他豆類,4,4,1407,6,
2014,台南市,其他豆類,14,14,1582,21,
2014,高雄市,其他豆類,22,22,2543,56,
2014,宜蘭縣,其他豆類,1,1,1897,1,
2014,桃園縣,其他豆類,4,4,1631,7,
2014,新竹縣,其他豆類,34,34,1216,41,
2014,苗栗縣,其他豆類,-,-,-,-,
2014,彰化縣,其他豆類,4,4,2766,12,
2014,南投縣,其他豆類,0,0,1500,0,
2014,雲林縣,其他豆類,19,19,1786,33,
2014,嘉義縣,其他豆類,2,2,1400,2,
2014,屏東縣,其他豆類,19,19,1985,38,
2014,台東縣,其他豆類,55,55,2204,122,
2014,花蓮縣,其他豆類,11,11,1651,18,
2014,澎湖縣,其他豆類,-,-,-,-,
2014,基隆市,其他豆類,-,-,-,-,
2014,新竹市,其他豆類,-,-,-,-,
2014,嘉義市,其他豆類,-,-,-,-,
2014,金門縣,其他豆類,-,-,-,-,
2014,連江縣,其他豆類,-,-,-,-,
2013,新北市,甘藷,427.75,427.75,16095.64,6884.908,
2013,台北市,甘藷,83.86,83.86,8932.71,749.097,
2013,台中市,甘藷,970.22,970.22,19704.49,19117.686,
2013,台南市,甘藷,760.62,756.97,28934.86,21902.822,
2013,高雄市,甘藷,211.99,211.99,18806.64,3986.819,
2013,宜蘭縣,甘藷,61.59,61.59,20664.33,1272.716,
2013,桃園縣,甘藷,61.93,61.93,20003.07,1238.79,
2013,新竹縣,甘藷,93,93,17851.75,1660.213,
2013,苗栗縣,甘藷,364,364,15567.12,5666.433,
2013,彰化縣,甘藷,1253.68,1253.68,31116.92,39010.658,
2013,南投縣,甘藷,67.73,67.73,18309.17,1240.08,
2013,雲林縣,甘藷,4100.94,4100.94,22988.37,94273.936,
2013,嘉義縣,甘藷,424.4,424.4,20377.42,8648.175,
2013,屏東縣,甘藷,208.11,208.08,14135.01,2941.212,
2013,台東縣,甘藷,291.85,291.85,8566.09,2500.014,
2013,花蓮縣,甘藷,156.03,156.03,15278.66,2383.93,
2013,澎湖縣,甘藷,94.29,94.29,11333.48,1068.634,
2013,基隆市,甘藷,1.23,1.23,10004.07,12.305,
2013,新竹市,甘藷,15.13,15.13,18055.19,273.175,
2013,嘉義市,甘藷,2.65,2.65,18500,49.025,
2013,金門縣,甘藷,10.89,10.89,19488.98,212.235,
2013,連江縣,甘藷,0,0,0,0,
2013,新北市,小麥,0.15,0,0,0,
2013,台北市,小麥,0,0,0,0,
2013,台中市,小麥,73.25,73.25,2849.9,208.755,
2013,台南市,小麥,31.19,31.19,2000,62.38,
2013,高雄市,小麥,0,0,0,0,
2013,宜蘭縣,小麥,2.2,2.2,727.27,1.6,
2013,桃園縣,小麥,7.44,7.44,1732.53,12.89,
2013,新竹縣,小麥,0,0,0,0,
2013,苗栗縣,小麥,21.77,21.77,2100,45.717,
2013,彰化縣,小麥,1.15,1.15,3800,4.37,
2013,南投縣,小麥,0,0,0,0,
2013,雲林縣,小麥,0,0,0,0,
2013,嘉義縣,小麥,22.02,22.02,1519.53,33.46,
2013,屏東縣,小麥,0,0,0,0,
2013,台東縣,小麥,6.5,6.5,1500,9.75,
2013,花蓮縣,小麥,0,0,0,0,
2013,澎湖縣,小麥,0,0,0,0,
2013,基隆市,小麥,0,0,0,0,
2013,新竹市,小麥,0,0,0,0,
2013,嘉義市,小麥,0,0,0,0,
2013,金門縣,小麥,1912.18,1909.23,1962.98,3747.784,
2013,連江縣,小麥,0,0,0,0,
2013,新北市,飼料用玉蜀黍,0,0,0,0,
2013,台北市,飼料用玉蜀黍,0,0,0,0,
2013,台中市,飼料用玉蜀黍,1.1,1.1,4600,5.06,
2013,台南市,飼料用玉蜀黍,3586.09,3586.09,4721.08,16930.233,
2013,高雄市,飼料用玉蜀黍,91.28,91.28,4114.2,375.544,
2013,宜蘭縣,飼料用玉蜀黍,0.25,0.25,5000,1.25,
2013,桃園縣,飼料用玉蜀黍,0,0,0,0,
2013,新竹縣,飼料用玉蜀黍,0,0,0,0,
2013,苗栗縣,飼料用玉蜀黍,0,0,0,0,
2013,彰化縣,飼料用玉蜀黍,13.14,13.14,5706.62,74.985,
2013,南投縣,飼料用玉蜀黍,0.25,0.25,5012,1.253,
2013,雲林縣,飼料用玉蜀黍,83.19,83.19,4707.66,391.63,
2013,嘉義縣,飼料用玉蜀黍,4081.92,4081.92,4770.91,19474.483,
2013,屏東縣,飼料用玉蜀黍,92.86,92.86,5668.11,526.341,
2013,台東縣,飼料用玉蜀黍,118.76,118.76,5585.75,663.364,
2013,花蓮縣,飼料用玉蜀黍,281.15,281.15,3541.18,995.602,
2013,澎湖縣,飼料用玉蜀黍,0,0,0,0,
2013,基隆市,飼料用玉蜀黍,0,0,0,0,
2013,新竹市,飼料用玉蜀黍,0,0,0,0,
2013,嘉義市,飼料用玉蜀黍,0,0,0,0,
2013,金門縣,飼料用玉蜀黍,0,0,0,0,
2013,連江縣,飼料用玉蜀黍,0,0,0,0,
2013,新北市,食用玉蜀黍,85.63,85.63,3903.97,334.297,
2013,台北市,食用玉蜀黍,4.03,4.03,3981.39,16.045,
2013,台中市,食用玉蜀黍,227.24,227.24,6107.41,1387.848,
2013,台南市,食用玉蜀黍,1664.05,1664.05,7953.01,13234.213,
2013,高雄市,食用玉蜀黍,978.13,978.13,5970.51,5839.935,
2013,宜蘭縣,食用玉蜀黍,23.26,23.26,4765.99,110.857,
2013,桃園縣,食用玉蜀黍,42.43,42.43,4957.48,210.346,
2013,新竹縣,食用玉蜀黍,108.94,108.94,6842.06,745.374,
2013,苗栗縣,食用玉蜀黍,253.21,253.21,7316.97,1852.729,
2013,彰化縣,食用玉蜀黍,516.42,516.42,7406.23,3824.723,
2013,南投縣,食用玉蜀黍,255.66,255.66,7915.08,2023.57,
2013,雲林縣,食用玉蜀黍,5507.64,5507.64,8408.5,46310.965,
2013,嘉義縣,食用玉蜀黍,1526.27,1526.27,6124.51,9347.66,
2013,屏東縣,食用玉蜀黍,761.1,761.1,6057.24,4610.162,
2013,台東縣,食用玉蜀黍,166.89,166.89,5432.18,906.576,
2013,花蓮縣,食用玉蜀黍,444.46,444.46,4681.03,2080.53,
2013,澎湖縣,食用玉蜀黍,40.54,40.54,7158.63,290.211,
2013,基隆市,食用玉蜀黍,0.27,0.27,3640.74,0.983,
2013,新竹市,食用玉蜀黍,16.12,16.12,5178.1,83.471,
2013,嘉義市,食用玉蜀黍,36.55,36.55,6528.32,238.61,
2013,金門縣,食用玉蜀黍,2.19,2.19,7383.11,16.169,
2013,連江縣,食用玉蜀黍,0,0,0,0,
2013,新北市,粟,0,0,0,0,
2013,台北市,粟,0,0,0,0,
2013,台中市,粟,0,0,0,0,
2013,台南市,粟,0,0,0,0,
2013,高雄市,粟,4.68,4.68,2539.32,11.884,
2013,宜蘭縣,粟,0,0,0,0,
2013,桃園縣,粟,0,0,0,0,
2013,新竹縣,粟,0,0,0,0,
2013,苗栗縣,粟,0,0,0,0,
2013,彰化縣,粟,0,0,0,0,
2013,南投縣,粟,0,0,0,0,
2013,雲林縣,粟,0,0,0,0,
2013,嘉義縣,粟,1.4,1.4,2000,2.8,
2013,屏東縣,粟,129.27,129.27,2005.46,259.246,
2013,台東縣,粟,177.7,177.7,1701.25,302.313,
2013,花蓮縣,粟,0,0,0,0,
2013,澎湖縣,粟,0,0,0,0,
2013,基隆市,粟,0,0,0,0,
2013,新竹市,粟,0,0,0,0,
2013,嘉義市,粟,0,0,0,0,
2013,金門縣,粟,0,0,0,0,
2013,連江縣,粟,0,0,0,0,
2013,新北市,蜀黍,0,0,0,0,
2013,台北市,蜀黍,0,0,0,0,
2013,台中市,蜀黍,0.2,0.2,3000,0.6,
2013,台南市,蜀黍,0.36,0.36,4011.11,1.444,
2013,高雄市,蜀黍,0,0,0,0,
2013,宜蘭縣,蜀黍,0,0,0,0,
2013,桃園縣,蜀黍,0,0,0,0,
2013,新竹縣,蜀黍,0.2,0.2,4000,0.8,
2013,苗栗縣,蜀黍,0,0,0,0,
2013,彰化縣,蜀黍,0,0,0,0,
2013,南投縣,蜀黍,0,0,0,0,
2013,雲林縣,蜀黍,1.1,1.1,4618.18,5.08,
2013,嘉義縣,蜀黍,0,0,0,0,
2013,屏東縣,蜀黍,0.86,0.86,2872.09,2.47,
2013,台東縣,蜀黍,1.4,1.4,3492.86,4.89,
2013,花蓮縣,蜀黍,0,0,0,0,
2013,澎湖縣,蜀黍,0.15,0.15,2200,0.33,
2013,基隆市,蜀黍,0,0,0,0,
2013,新竹市,蜀黍,0,0,0,0,
2013,嘉義市,蜀黍,0,0,0,0,
2013,金門縣,蜀黍,2016.39,1965.24,1671.3,3284.502,
2013,連江縣,蜀黍,0,0,0,0,
2013,新北市,其他糧食作物,0,0,0,0,
2013,台北市,其他糧食作物,0,0,0,0,
2013,台中市,其他糧食作物,47.55,47.55,2387.8,113.54,
2013,台南市,其他糧食作物,9.32,9.32,1398.07,13.03,
2013,高雄市,其他糧食作物,7.15,7.15,894.83,6.398,
2013,宜蘭縣,其他糧食作物,0.85,0.85,1764.71,1.5,
2013,桃園縣,其他糧食作物,0,0,0,0,
2013,新竹縣,其他糧食作物,3,3,2000,6,
2013,苗栗縣,其他糧食作物,0,0,0,0,
2013,彰化縣,其他糧食作物,20.85,20.85,1976.02,41.2,
2013,南投縣,其他糧食作物,6.76,6.76,2713.91,18.346,
2013,雲林縣,其他糧食作物,1.7,1.7,1500,2.55,
2013,嘉義縣,其他糧食作物,24.55,24.55,2117.8,51.992,
2013,屏東縣,其他糧食作物,46.79,46.79,2000.09,93.584,
2013,台東縣,其他糧食作物,4.95,4.95,1469.7,7.275,
2013,花蓮縣,其他糧食作物,0,0,0,0,
2013,澎湖縣,其他糧食作物,0,0,0,0,
2013,基隆市,其他糧食作物,0,0,0,0,
2013,新竹市,其他糧食作物,0,0,0,0,
2013,嘉義市,其他糧食作物,0,0,0,0,
2013,金門縣,其他糧食作物,0,0,0,0,
2013,連江縣,其他糧食作物,0,0,0,0,
2013,新北市,大豆,0,0,0,0,
2013,台北市,大豆,0,0,0,0,
2013,台中市,大豆,2,2,2600,5.2,
2013,台南市,大豆,134.16,134.16,1772,237.731,
2013,高雄市,大豆,137.83,137.83,1753.93,241.744,
2013,宜蘭縣,大豆,1.86,1.86,1526.88,2.84,
2013,桃園縣,大豆,0.2,0.2,2000,0.4,
2013,新竹縣,大豆,0,0,0,0,
2013,苗栗縣,大豆,5.48,5.48,624.64,3.423,
2013,彰化縣,大豆,0,0,0,0,
2013,南投縣,大豆,0.2,0.2,1000,0.2,
2013,雲林縣,大豆,74.26,73.13,1921.82,140.543,
2013,嘉義縣,大豆,57.59,57.59,2360.11,135.919,
2013,屏東縣,大豆,34.5,34.5,2011.16,69.385,
2013,台東縣,大豆,1.6,1.6,2000,3.2,
2013,花蓮縣,大豆,20.84,20.84,1852.88,38.614,
2013,澎湖縣,大豆,0,0,0,0,
2013,基隆市,大豆,0,0,0,0,
2013,新竹市,大豆,0,0,0,0,
2013,嘉義市,大豆,0,0,0,0,
2013,金門縣,大豆,0,0,0,0,
2013,連江縣,大豆,0,0,0,0,
2013,新北市,花豆,0,0,0,0,
2013,台北市,花豆,0,0,0,0,
2013,台中市,花豆,0.01,0.01,1900,0.019,
2013,台南市,花豆,2.21,2.21,1919.46,4.242,
2013,高雄市,花豆,0,0,0,0,
2013,宜蘭縣,花豆,0,0,0,0,
2013,桃園縣,花豆,0,0,0,0,
2013,新竹縣,花豆,0,0,0,0,
2013,苗栗縣,花豆,0,0,0,0,
2013,彰化縣,花豆,2.34,2.34,3073.5,7.192,
2013,南投縣,花豆,0,0,0,0,
2013,雲林縣,花豆,0,0,0,0,
2013,嘉義縣,花豆,0.35,0.35,2100,0.735,
2013,屏東縣,花豆,0,0,0,0,
2013,台東縣,花豆,0,0,0,0,
2013,花蓮縣,花豆,0,0,0,0,
2013,澎湖縣,花豆,0,0,0,0,
2013,基隆市,花豆,0,0,0,0,
2013,新竹市,花豆,0,0,0,0,
2013,嘉義市,花豆,0,0,0,0,
2013,金門縣,花豆,0,0,0,0,
2013,連江縣,花豆,0,0,0,0,
2013,新北市,綠豆,0,0,0,0,
2013,台北市,綠豆,0,0,0,0,
2013,台中市,綠豆,0,0,0,0,
2013,台南市,綠豆,225.51,225.51,843.16,190.141,
2013,高雄市,綠豆,0.42,0.42,976.19,0.41,
2013,宜蘭縣,綠豆,0,0,0,0,
2013,桃園縣,綠豆,10.52,10.52,216.73,2.28,
2013,新竹縣,綠豆,0,0,0,0,
2013,苗栗縣,綠豆,0,0,0,0,
2013,彰化縣,綠豆,0.6,0.6,1350,0.81,
2013,南投縣,綠豆,0,0,0,0,
2013,雲林縣,綠豆,2.26,2.26,1783.19,4.03,
2013,嘉義縣,綠豆,26.78,26.78,953.02,25.522,
2013,屏東縣,綠豆,0,0,0,0,
2013,台東縣,綠豆,1.9,1.9,681.58,1.295,
2013,花蓮縣,綠豆,0,0,0,0,
2013,澎湖縣,綠豆,0,0,0,0,
2013,基隆市,綠豆,0,0,0,0,
2013,新竹市,綠豆,0,0,0,0,
2013,嘉義市,綠豆,0,0,0,0,
2013,金門縣,綠豆,0,0,0,0,
2013,連江縣,綠豆,0,0,0,0,
2013,新北市,紅豆,0,0,0,0,
2013,台北市,紅豆,0,0,0,0,
2013,台中市,紅豆,2.7,2.7,1320,3.564,
2013,台南市,紅豆,36.91,36.91,1962.42,72.433,
2013,高雄市,紅豆,1248.1,1248.1,1981.57,2473.199,
2013,宜蘭縣,紅豆,0,0,0,0,
2013,桃園縣,紅豆,0,0,0,0,
2013,新竹縣,紅豆,0,0,0,0,
2013,苗栗縣,紅豆,0,0,0,0,
2013,彰化縣,紅豆,0,0,0,0,
2013,南投縣,紅豆,0,0,0,0,
2013,雲林縣,紅豆,1.16,1.16,1300,1.508,
2013,嘉義縣,紅豆,18.23,18.23,1919.58,34.994,
2013,屏東縣,紅豆,4384.92,4384.92,2114.24,9270.788,
2013,台東縣,紅豆,0,0,0,0,
2013,花蓮縣,紅豆,0.6,0.6,2000,1.2,
2013,澎湖縣,紅豆,0,0,0,0,
2013,基隆市,紅豆,0,0,0,0,
2013,新竹市,紅豆,0,0,0,0,
2013,嘉義市,紅豆,0,0,0,0,
2013,金門縣,紅豆,0,0,0,0,
2013,連江縣,紅豆,0,0,0,0,
2013,新北市,落花生,33.53,33.53,1587.65,53.234,
2013,台北市,落花生,0,0,0,0,
2013,台中市,落花生,296.62,296.62,2543.81,754.545,
2013,台南市,落花生,362.91,362.91,2476.8,898.854,
2013,高雄市,落花生,191.38,191.38,2424.74,464.047,
2013,宜蘭縣,落花生,105.02,105.02,2589.14,271.911,
2013,桃園縣,落花生,6.64,6.64,2179.07,14.469,
2013,新竹縣,落花生,10.62,10.62,2512.05,26.678,
2013,苗栗縣,落花生,92.96,92.96,2405.74,223.638,
2013,彰化縣,落花生,2961.72,2961.72,2331.02,6903.83,
2013,南投縣,落花生,20.6,20.6,1899.9,39.138,
2013,雲林縣,落花生,13618.19,13617.52,2586.88,35226.893,
2013,嘉義縣,落花生,305.53,305.53,2489.16,760.514,
2013,屏東縣,落花生,120.96,120.96,2930.68,354.495,
2013,台東縣,落花生,32.22,32.22,2213.13,71.307,
2013,花蓮縣,落花生,240.86,240.86,1903.84,458.559,
2013,澎湖縣,落花生,175.11,175.11,1260.76,220.772,
2013,基隆市,落花生,0.09,0.09,1300,0.117,
2013,新竹市,落花生,3.48,3.48,2184.77,7.603,
2013,嘉義市,落花生,0,0,0,0,
2013,金門縣,落花生,31.26,31.26,1869.58,58.443,
2013,連江縣,落花生,0,0,0,0,
2013,新北市,其他豆類,0,0,0,0,
2013,台北市,其他豆類,0,0,0,0,
2013,台中市,其他豆類,0.6,0.6,1418.33,0.851,
2013,台南市,其他豆類,108.99,108.99,1779.15,193.91,
2013,高雄市,其他豆類,28.34,28.34,2299.36,65.164,
2013,宜蘭縣,其他豆類,0.29,0.29,1920.69,0.557,
2013,桃園縣,其他豆類,2.15,2.15,2053.49,4.415,
2013,新竹縣,其他豆類,40.56,40.56,1271.45,51.57,
2013,苗栗縣,其他豆類,2.05,2.05,1307.32,2.68,
2013,彰化縣,其他豆類,6.67,6.67,2063.12,13.761,
2013,南投縣,其他豆類,1.3,1.3,1357.69,1.765,
2013,雲林縣,其他豆類,9.5,9.5,1783.68,16.945,
2013,嘉義縣,其他豆類,9.16,9.16,2137.23,19.577,
2013,屏東縣,其他豆類,20.64,20.64,1984.3,40.956,
2013,台東縣,其他豆類,130.97,130.87,2681.27,350.898,
2013,花蓮縣,其他豆類,13.87,13.87,1623.29,22.515,
2013,澎湖縣,其他豆類,0,0,0,0,
2013,基隆市,其他豆類,0,0,0,0,
2013,新竹市,其他豆類,0,0,0,0,
2013,嘉義市,其他豆類,0,0,0,0,
2013,金門縣,其他豆類,0,0,0,0,
2013,連江縣,其他豆類,0,0,0,0,
2012,新北市,甘藷,406.87,406.87,18677.34,7599.248,
2012,台北市,甘藷,83.47,83.47,9105.5,760.036,
2012,台中市,甘藷,1032.56,1032.56,19219.22,19845,
2012,台南市,甘藷,610.81,610.81,26448.45,16154.978,
2012,高雄市,甘藷,184.77,184.77,19110.04,3530.963,
2012,宜蘭縣,甘藷,62.6,62.6,20983.93,1313.594,
2012,桃園縣,甘藷,54.04,54.04,19055.18,1029.742,
2012,新竹縣,甘藷,83.93,83.93,17753.84,1490.08,
2012,苗栗縣,甘藷,325.96,325.96,17978.95,5860.417,
2012,彰化縣,甘藷,1152.33,1152.33,32327.35,37251.78,
2012,南投縣,甘藷,57.21,57.21,18187.21,1040.49,
2012,雲林縣,甘藷,4240.48,4240.48,24868.91,105456.125,
2012,嘉義縣,甘藷,482.43,482.43,19538.59,9426,
2012,屏東縣,甘藷,220.37,220.37,13297.3,2930.327,
2012,台東縣,甘藷,280.79,280.79,9972.4,2800.151,
2012,花蓮縣,甘藷,160.77,160.77,15416.18,2478.46,
2012,澎湖縣,甘藷,93.64,93.64,11477.67,1074.769,
2012,基隆市,甘藷,0.42,0.42,10500,4.41,
2012,新竹市,甘藷,12.89,12.89,15896.82,204.91,
2012,嘉義市,甘藷,2.96,2.96,17083.11,50.566,
2012,金門縣,甘藷,10.93,10.93,19392.5,211.96,
2012,連江縣,甘藷,0,0,0,0,
2012,新北市,小麥,0,0,0,0,
2012,台北市,小麥,0,0,0,0,
2012,台中市,小麥,64.25,64.25,3620,232.585,
2012,台南市,小麥,45.59,41.59,2000,83.18,
2012,高雄市,小麥,0,0,0,0,
2012,宜蘭縣,小麥,0,0,0,0,
2012,桃園縣,小麥,0,0,0,0,
2012,新竹縣,小麥,0,0,0,0,
2012,苗栗縣,小麥,5.83,5.83,1500,8.745,
2012,彰化縣,小麥,0.6,0.6,1000,0.6,
2012,南投縣,小麥,0,0,0,0,
2012,雲林縣,小麥,0.5,0.5,1750,0.875,
2012,嘉義縣,小麥,8,8,1500,12,
2012,屏東縣,小麥,0,0,0,0,
2012,台東縣,小麥,0,0,0,0,
2012,花蓮縣,小麥,0,0,0,0,
2012,澎湖縣,小麥,0,0,0,0,
2012,基隆市,小麥,0,0,0,0,
2012,新竹市,小麥,0,0,0,0,
2012,嘉義市,小麥,0,0,0,0,
2012,金門縣,小麥,1930.7,1930.7,3377.48,6520.906,
2012,連江縣,小麥,0,0,0,0,
2012,新北市,飼料用玉蜀黍,0,0,0,0,
2012,台北市,飼料用玉蜀黍,0,0,0,0,
2012,台中市,飼料用玉蜀黍,0.5,0.5,5286,2.643,
2012,台南市,飼料用玉蜀黍,2471.94,2467.9,4259.26,10511.431,
2012,高雄市,飼料用玉蜀黍,3.52,3.52,4655.68,16.388,
2012,宜蘭縣,飼料用玉蜀黍,0,0,0,0,
2012,桃園縣,飼料用玉蜀黍,0,0,0,0,
2012,新竹縣,飼料用玉蜀黍,0,0,0,0,
2012,苗栗縣,飼料用玉蜀黍,0,0,0,0,
2012,彰化縣,飼料用玉蜀黍,2.69,2.69,6000,16.14,
2012,南投縣,飼料用玉蜀黍,0,0,0,0,
2012,雲林縣,飼料用玉蜀黍,49.59,49.59,4999.4,247.92,
2012,嘉義縣,飼料用玉蜀黍,3689.7,3689.7,4668.39,17224.956,
2012,屏東縣,飼料用玉蜀黍,102.48,102.48,5250.34,538.055,
2012,台東縣,飼料用玉蜀黍,121.57,121.57,5572.16,677.408,
2012,花蓮縣,飼料用玉蜀黍,169.9,169.1,3491.09,590.344,
2012,澎湖縣,飼料用玉蜀黍,0,0,0,0,
2012,基隆市,飼料用玉蜀黍,0,0,0,0,
2012,新竹市,飼料用玉蜀黍,0,0,0,0,
2012,嘉義市,飼料用玉蜀黍,0,0,0,0,
2012,金門縣,飼料用玉蜀黍,0,0,0,0,
2012,連江縣,飼料用玉蜀黍,0,0,0,0,
2012,新北市,食用玉蜀黍,68.14,68.09,3962.59,269.813,
2012,台北市,食用玉蜀黍,3.9,3.9,4241.03,16.54,
2012,台中市,食用玉蜀黍,224.5,224.5,6057.32,1359.869,
2012,台南市,食用玉蜀黍,1136.9,1136.9,7578.05,8615.48,
2012,高雄市,食用玉蜀黍,618.25,618.15,6005.24,3712.139,
2012,宜蘭縣,食用玉蜀黍,28.12,28.12,4620.16,129.919,
2012,桃園縣,食用玉蜀黍,21.35,21.35,5148.29,109.916,
2012,新竹縣,食用玉蜀黍,75.46,75.46,7400.24,558.422,
2012,苗栗縣,食用玉蜀黍,190,190,7292.8,1385.632,
2012,彰化縣,食用玉蜀黍,262.79,262.79,7205.28,1893.476,
2012,南投縣,食用玉蜀黍,225.22,224.82,7698.75,1730.833,
2012,雲林縣,食用玉蜀黍,4751.98,4751.98,8674.35,41220.344,
2012,嘉義縣,食用玉蜀黍,1141.14,1141.14,6111.56,6974.142,
2012,屏東縣,食用玉蜀黍,660.09,660.09,6228.1,4111.108,
2012,台東縣,食用玉蜀黍,225.48,225.48,5402.22,1218.092,
2012,花蓮縣,食用玉蜀黍,329.28,329.28,4733.4,1558.613,
2012,澎湖縣,食用玉蜀黍,41.08,40.98,7180.33,294.25,
2012,基隆市,食用玉蜀黍,0.55,0.55,6236.36,3.43,
2012,新竹市,食用玉蜀黍,17,16.9,5108.58,86.335,
2012,嘉義市,食用玉蜀黍,15.9,15.9,6390.44,101.608,
2012,金門縣,食用玉蜀黍,1.44,1.44,6209.72,8.942,
2012,連江縣,食用玉蜀黍,0,0,0,0,
2012,新北市,粟,0,0,0,0,
2012,台北市,粟,0,0,0,0,
2012,台中市,粟,0,0,0,0,
2012,台南市,粟,0,0,0,0,
2012,高雄市,粟,3.3,3.3,2639.39,8.71,
2012,宜蘭縣,粟,2.11,2.11,1700,3.587,
2012,桃園縣,粟,0,0,0,0,
2012,新竹縣,粟,0,0,0,0,
2012,苗栗縣,粟,0,0,0,0,
2012,彰化縣,粟,0,0,0,0,
2012,南投縣,粟,0,0,0,0,
2012,雲林縣,粟,0,0,0,0,
2012,嘉義縣,粟,1,1,1500,1.5,
2012,屏東縣,粟,124.8,124.8,1954.29,243.896,
2012,台東縣,粟,93.72,93.72,1530.93,143.479,
2012,花蓮縣,粟,0,0,0,0,
2012,澎湖縣,粟,0,0,0,0,
2012,基隆市,粟,0,0,0,0,
2012,新竹市,粟,0,0,0,0,
2012,嘉義市,粟,0,0,0,0,
2012,金門縣,粟,0,0,0,0,
2012,連江縣,粟,0,0,0,0,
2012,新北市,蜀黍,0,0,0,0,
2012,台北市,蜀黍,0,0,0,0,
2012,台中市,蜀黍,0.8,0.8,3706.25,2.965,
2012,台南市,蜀黍,0.7,0.7,3935.71,2.755,
2012,高雄市,蜀黍,0,0,0,0,
2012,宜蘭縣,蜀黍,0.25,0.25,4500,1.125,
2012,桃園縣,蜀黍,0,0,0,0,
2012,新竹縣,蜀黍,0,0,0,0,
2012,苗栗縣,蜀黍,0,0,0,0,
2012,彰化縣,蜀黍,0,0,0,0,
2012,南投縣,蜀黍,0,0,0,0,
2012,雲林縣,蜀黍,1,1,4810,4.81,
2012,嘉義縣,蜀黍,12.37,12.37,3065.4,37.919,
2012,屏東縣,蜀黍,1.01,1.01,2886.14,2.915,
2012,台東縣,蜀黍,1.1,1.1,2636.36,2.9,
2012,花蓮縣,蜀黍,0,0,0,0,
2012,澎湖縣,蜀黍,0.13,0.13,2100,0.273,
2012,基隆市,蜀黍,0,0,0,0,
2012,新竹市,蜀黍,0,0,0,0,
2012,嘉義市,蜀黍,0,0,0,0,
2012,金門縣,蜀黍,2010.65,2010.65,1744.77,3508.125,
2012,連江縣,蜀黍,0,0,0,0,
2012,新北市,其他糧食作物,0,0,0,0,
2012,台北市,其他糧食作物,0,0,0,0,
2012,台中市,其他糧食作物,39.69,39.69,2282.04,90.574,
2012,台南市,其他糧食作物,3.92,3.92,3400.51,13.33,
2012,高雄市,其他糧食作物,1.88,1.88,2106.91,3.961,
2012,宜蘭縣,其他糧食作物,0.15,0.15,3000,0.45,
2012,桃園縣,其他糧食作物,0,0,0,0,
2012,新竹縣,其他糧食作物,0,0,0,0,
2012,苗栗縣,其他糧食作物,0,0,0,0,
2012,彰化縣,其他糧食作物,31.48,31.48,2217.79,69.816,
2012,南投縣,其他糧食作物,7.3,7.3,2854.79,20.84,
2012,雲林縣,其他糧食作物,5,5,1476,7.38,
2012,嘉義縣,其他糧食作物,25.2,25.2,2413.21,60.813,
2012,屏東縣,其他糧食作物,31.58,31.58,1977.96,62.464,
2012,台東縣,其他糧食作物,15.11,15.11,1345.07,20.324,
2012,花蓮縣,其他糧食作物,25.2,25.2,2950,74.34,
2012,澎湖縣,其他糧食作物,0,0,0,0,
2012,基隆市,其他糧食作物,0,0,0,0,
2012,新竹市,其他糧食作物,0,0,0,0,
2012,嘉義市,其他糧食作物,0,0,0,0,
2012,金門縣,其他糧食作物,0,0,0,0,
2012,連江縣,其他糧食作物,0,0,0,0,
2012,新北市,大豆,0,0,0,0,
2012,台北市,大豆,0,0,0,0,
2012,台中市,大豆,0.1,0.1,1700,0.17,
2012,台南市,大豆,25.25,25.25,1661.19,41.945,
2012,高雄市,大豆,6.22,6.22,1964.47,12.219,
2012,宜蘭縣,大豆,4.86,4.86,2294.44,11.151,
2012,桃園縣,大豆,0,0,0,0,
2012,新竹縣,大豆,0,0,0,0,
2012,苗栗縣,大豆,0.68,0.68,1500,1.02,
2012,彰化縣,大豆,0,0,0,0,
2012,南投縣,大豆,0,0,0,0,
2012,雲林縣,大豆,16.7,16.7,2794.01,46.66,
2012,嘉義縣,大豆,12.01,12.01,1445.13,17.356,
2012,屏東縣,大豆,4.75,4.75,1800,8.55,
2012,台東縣,大豆,0,0,0,0,
2012,花蓮縣,大豆,9.02,9.02,2233.92,20.15,
2012,澎湖縣,大豆,0,0,0,0,
2012,基隆市,大豆,0,0,0,0,
2012,新竹市,大豆,0,0,0,0,
2012,嘉義市,大豆,0,0,0,0,
2012,金門縣,大豆,0,0,0,0,
2012,連江縣,大豆,0,0,0,0,
2012,新北市,花豆,0,0,0,0,
2012,台北市,花豆,0,0,0,0,
2012,台中市,花豆,0,0,0,0,
2012,台南市,花豆,2.83,2.83,1929.33,5.46,
2012,高雄市,花豆,0.03,0.03,1800,0.054,
2012,宜蘭縣,花豆,0,0,0,0,
2012,桃園縣,花豆,0,0,0,0,
2012,新竹縣,花豆,0.05,0.05,1200,0.06,
2012,苗栗縣,花豆,0,0,0,0,
2012,彰化縣,花豆,1.4,1.4,2225,3.115,
2012,南投縣,花豆,0,0,0,0,
2012,雲林縣,花豆,0,0,0,0,
2012,嘉義縣,花豆,0,0,0,0,
2012,屏東縣,花豆,0,0,0,0,
2012,台東縣,花豆,0,0,0,0,
2012,花蓮縣,花豆,0,0,0,0,
2012,澎湖縣,花豆,0,0,0,0,
2012,基隆市,花豆,0,0,0,0,
2012,新竹市,花豆,0,0,0,0,
2012,嘉義市,花豆,0,0,0,0,
2012,金門縣,花豆,0,0,0,0,
2012,連江縣,花豆,0,0,0,0,
2012,新北市,綠豆,0,0,0,0,
2012,台北市,綠豆,0,0,0,0,
2012,台中市,綠豆,0,0,0,0,
2012,台南市,綠豆,36.21,36.21,1020.08,36.937,
2012,高雄市,綠豆,0.05,0.05,1800,0.09,
2012,宜蘭縣,綠豆,0,0,0,0,
2012,桃園縣,綠豆,0,0,0,0,
2012,新竹縣,綠豆,0,0,0,0,
2012,苗栗縣,綠豆,0,0,0,0,
2012,彰化縣,綠豆,0,0,0,0,
2012,南投縣,綠豆,0,0,0,0,
2012,雲林縣,綠豆,0,0,0,0,
2012,嘉義縣,綠豆,5.73,5.73,1118.5,6.409,
2012,屏東縣,綠豆,0.2,0.2,1650,0.33,
2012,台東縣,綠豆,0.5,0.5,700,0.35,
2012,花蓮縣,綠豆,0.6,0.6,900,0.54,
2012,澎湖縣,綠豆,0,0,0,0,
2012,基隆市,綠豆,0,0,0,0,
2012,新竹市,綠豆,0,0,0,0,
2012,嘉義市,綠豆,0,0,0,0,
2012,金門縣,綠豆,0,0,0,0,
2012,連江縣,綠豆,0,0,0,0,
2012,新北市,紅豆,0,0,0,0,
2012,台北市,紅豆,0,0,0,0,
2012,台中市,紅豆,2.71,2.71,1389.3,3.765,
2012,台南市,紅豆,86.01,86.01,1841.7,158.405,
2012,高雄市,紅豆,1579.67,1579.67,1220.71,1928.319,
2012,宜蘭縣,紅豆,0,0,0,0,
2012,桃園縣,紅豆,0,0,0,0,
2012,新竹縣,紅豆,0,0,0,0,
2012,苗栗縣,紅豆,0,0,0,0,
2012,彰化縣,紅豆,0.25,0.25,1000,0.25,
2012,南投縣,紅豆,0,0,0,0,
2012,雲林縣,紅豆,3.27,3.27,1203.98,3.937,
2012,嘉義縣,紅豆,47.35,47.35,1197.78,56.715,
2012,屏東縣,紅豆,5183.46,5183.46,1648.5,8544.944,
2012,台東縣,紅豆,0,0,0,0,
2012,花蓮縣,紅豆,0.3,0.3,1000,0.3,
2012,澎湖縣,紅豆,0,0,0,0,
2012,基隆市,紅豆,0,0,0,0,
2012,新竹市,紅豆,0,0,0,0,
2012,嘉義市,紅豆,1.4,1.4,1300,1.82,
2012,金門縣,紅豆,0,0,0,0,
2012,連江縣,紅豆,0,0,0,0,
2012,新北市,落花生,31.73,31.73,1571.45,49.862,
2012,台北市,落花生,0,0,0,0,
2012,台中市,落花生,281.25,281.25,2468.21,694.184,
2012,台南市,落花生,373.25,373.25,2393.23,893.274,
2012,高雄市,落花生,108.13,108.13,2304.23,249.156,
2012,宜蘭縣,落花生,119.14,119.14,2544.35,303.134,
2012,桃園縣,落花生,3.95,3.95,1949.37,7.7,
2012,新竹縣,落花生,6.01,6.01,2319.97,13.943,
2012,苗栗縣,落花生,96.72,96.72,2279.08,220.433,
2012,彰化縣,落花生,2710.97,2710.97,2725.01,7387.407,
2012,南投縣,落花生,20.67,20.57,1970.88,40.541,
2012,雲林縣,落花生,14624.85,14624.85,3051.96,44634.4,
2012,嘉義縣,落花生,448.59,448.59,2447.87,1098.091,
2012,屏東縣,落花生,135.28,135.28,3261.75,441.249,
2012,台東縣,落花生,34.79,34.59,1894.28,65.523,
2012,花蓮縣,落花生,222.3,222.3,2016.64,448.298,
2012,澎湖縣,落花生,176.63,176.63,1285.91,227.131,
2012,基隆市,落花生,0.17,0.17,1235.29,0.21,
2012,新竹市,落花生,4.4,4.4,2217.95,9.759,
2012,嘉義市,落花生,1.2,1.2,1424.17,1.709,
2012,金門縣,落花生,30.37,30.37,1927.79,58.547,
2012,連江縣,落花生,0,0,0,0,
2012,新北市,其他豆類,0,0,0,0,
2012,台北市,其他豆類,0,0,0,0,
2012,台中市,其他豆類,1.6,1.6,1450,2.32,
2012,台南市,其他豆類,99.24,90.74,1993.93,180.929,
2012,高雄市,其他豆類,31.43,31.43,2260.99,71.063,
2012,宜蘭縣,其他豆類,0.1,0.1,1800,0.18,
2012,桃園縣,其他豆類,3.15,3.15,2007.3,6.323,
2012,新竹縣,其他豆類,8,8,1500,12,
2012,苗栗縣,其他豆類,0,0,0,0,
2012,彰化縣,其他豆類,6.1,6.1,2203.28,13.44,
2012,南投縣,其他豆類,1.4,1.4,2571.43,3.6,
2012,雲林縣,其他豆類,26.94,26.94,1992.95,53.69,
2012,嘉義縣,其他豆類,10.74,10.74,1573.28,16.897,
2012,屏東縣,其他豆類,35,35,2141.17,74.941,
2012,台東縣,其他豆類,95.91,95.91,2708.64,259.786,
2012,花蓮縣,其他豆類,18.65,18.65,1585.09,29.562,
2012,澎湖縣,其他豆類,0,0,0,0,
2012,基隆市,其他豆類,0,0,0,0,
2012,新竹市,其他豆類,0,0,0,0,
2012,嘉義市,其他豆類,0,0,0,0,
2012,金門縣,其他豆類,0,0,0,0,
2012,連江縣,其他豆類,0,0,0,0,
2011,新北市,甘藷,412.93,412.93,18451.06,7618.997,
2011,台北市,甘藷,80.68,80.68,8983.53,724.791,
2011,台中市,甘藷,864.75,864.75,20031.89,17322.58,
2011,台南市,甘藷,618.91,618.91,29369.62,18177.151,
2011,高雄市,甘藷,152.75,152.75,19256.24,2941.39,
2011,宜蘭縣,甘藷,57.99,57.99,20687.19,1199.65,
2011,桃園縣,甘藷,66.02,66.02,19954.63,1317.405,
2011,新竹縣,甘藷,85.51,85.41,17216.99,1470.503,
2011,苗栗縣,甘藷,345.71,345.71,18750.6,6482.271,
2011,彰化縣,甘藷,1101.86,1101.86,31604.9,34824.176,
2011,南投縣,甘藷,58.62,58.62,18371.41,1076.932,
2011,雲林縣,甘藷,3864.17,3864.17,23838.78,92117.102,
2011,嘉義縣,甘藷,504.84,504.84,19904.33,10048.501,
2011,屏東縣,甘藷,234.75,234.7,11620.72,2727.383,
2011,台東縣,甘藷,313.4,313.4,9587.24,3004.642,
2011,花蓮縣,甘藷,194.36,194.35,16081,3125.342,
2011,澎湖縣,甘藷,95.33,95.33,11309.58,1078.142,
2011,基隆市,甘藷,2.27,2.27,9722.47,22.07,
2011,新竹市,甘藷,13.25,13.25,16024.91,212.33,
2011,嘉義市,甘藷,2.78,2.78,16694.24,46.41,
2011,金門縣,甘藷,17.57,17.57,18775.36,329.883,
2011,連江縣,甘藷,0,0,0,0,
2011,新北市,小麥,0,0,0,0,
2011,台北市,小麥,0,0,0,0,
2011,台中市,小麥,60.95,60.95,3895.32,237.42,
2011,台南市,小麥,20.36,20.36,1998.04,40.68,
2011,高雄市,小麥,0,0,0,0,
2011,宜蘭縣,小麥,0,0,0,0,
2011,桃園縣,小麥,0,0,0,0,
2011,新竹縣,小麥,0,0,0,0,
2011,苗栗縣,小麥,4.02,4.02,1800,7.236,
2011,彰化縣,小麥,0,0,0,0,
2011,南投縣,小麥,0,0,0,0,
2011,雲林縣,小麥,0,0,0,0,
2011,嘉義縣,小麥,0.58,0.58,2000,1.16,
2011,屏東縣,小麥,0,0,0,0,
2011,台東縣,小麥,0,0,0,0,
2011,花蓮縣,小麥,3,3,4000,12,
2011,澎湖縣,小麥,0,0,0,0,
2011,基隆市,小麥,0,0,0,0,
2011,新竹市,小麥,0,0,0,0,
2011,嘉義市,小麥,0,0,0,0,
2011,金門縣,小麥,1775.87,1775.87,2103.34,3735.256,
2011,連江縣,小麥,0,0,0,0,
2011,新北市,飼料用玉蜀黍,0,0,0,0,
2011,台北市,飼料用玉蜀黍,0,0,0,0,
2011,台中市,飼料用玉蜀黍,1,1,5290,5.29,
2011,台南市,飼料用玉蜀黍,1944.31,1944.31,5301.67,10308.092,
2011,高雄市,飼料用玉蜀黍,7.8,7.8,5111.54,39.87,
2011,宜蘭縣,飼料用玉蜀黍,0,0,0,0,
2011,桃園縣,飼料用玉蜀黍,0,0,0,0,
2011,新竹縣,飼料用玉蜀黍,0,0,0,0,
2011,苗栗縣,飼料用玉蜀黍,0,0,0,0,
2011,彰化縣,飼料用玉蜀黍,1.95,1.95,6000,11.7,
2011,南投縣,飼料用玉蜀黍,0,0,0,0,
2011,雲林縣,飼料用玉蜀黍,38.5,38.5,4970.13,191.35,
2011,嘉義縣,飼料用玉蜀黍,3904.4,3904.4,5336.46,20835.693,
2011,屏東縣,飼料用玉蜀黍,363.23,363.23,4884.52,1774.205,
2011,台東縣,飼料用玉蜀黍,154.04,154.04,5388.64,830.066,
2011,花蓮縣,飼料用玉蜀黍,313.54,313.04,3517.63,1101.16,
2011,澎湖縣,飼料用玉蜀黍,0,0,0,0,
2011,基隆市,飼料用玉蜀黍,0,0,0,0,
2011,新竹市,飼料用玉蜀黍,0,0,0,0,
2011,嘉義市,飼料用玉蜀黍,0,0,0,0,
2011,金門縣,飼料用玉蜀黍,0,0,0,0,
2011,連江縣,飼料用玉蜀黍,0,0,0,0,
2011,新北市,食用玉蜀黍,59.91,59.91,3968.1,237.729,
2011,台北市,食用玉蜀黍,3.96,3.96,4354.8,17.245,
2011,台中市,食用玉蜀黍,172.61,172.61,6125.45,1057.314,
2011,台南市,食用玉蜀黍,1527.26,1526.39,8169.65,12470.073,
2011,高雄市,食用玉蜀黍,732.79,732.79,6055.79,4437.622,
2011,宜蘭縣,食用玉蜀黍,22.8,22.8,4421.54,100.811,
2011,桃園縣,食用玉蜀黍,26.25,26.25,5240.76,137.57,
2011,新竹縣,食用玉蜀黍,102,102,7218.58,736.295,
2011,苗栗縣,食用玉蜀黍,206.94,206.94,8189.03,1694.637,
2011,彰化縣,食用玉蜀黍,311.15,311.15,7288.72,2267.885,
2011,南投縣,食用玉蜀黍,229.17,229.17,7975.64,1827.777,
2011,雲林縣,食用玉蜀黍,5201.16,5201.16,8816.35,45855.271,
2011,嘉義縣,食用玉蜀黍,1496.02,1496.02,6271.08,9381.659,
2011,屏東縣,食用玉蜀黍,752.02,751.97,6207.42,4667.793,
2011,台東縣,食用玉蜀黍,168.03,168.03,5718.16,960.822,
2011,花蓮縣,食用玉蜀黍,377.31,376.41,4733.51,1781.742,
2011,澎湖縣,食用玉蜀黍,40.81,40.81,7112.25,290.251,
2011,基隆市,食用玉蜀黍,0.01,0.01,3500,0.035,
2011,新竹市,食用玉蜀黍,21.31,21.31,5105.35,108.795,
2011,嘉義市,食用玉蜀黍,14.6,14.6,6332.12,92.449,
2011,金門縣,食用玉蜀黍,1.63,1.63,7123.31,11.611,
2011,連江縣,食用玉蜀黍,0,0,0,0,
2011,新北市,粟,0,0,0,0,
2011,台北市,粟,0,0,0,0,
2011,台中市,粟,0.31,0.31,1000,0.31,
2011,台南市,粟,0,0,0,0,
2011,高雄市,粟,8.8,8.8,2663.64,23.44,
2011,宜蘭縣,粟,1.65,1.65,1700,2.805,
2011,桃園縣,粟,0,0,0,0,
2011,新竹縣,粟,0,0,0,0,
2011,苗栗縣,粟,0,0,0,0,
2011,彰化縣,粟,0,0,0,0,
2011,南投縣,粟,0,0,0,0,
2011,雲林縣,粟,0,0,0,0,
2011,嘉義縣,粟,0,0,0,0,
2011,屏東縣,粟,74.43,74.43,1897.29,141.215,
2011,台東縣,粟,102.73,102.73,1530.2,157.197,
2011,花蓮縣,粟,0,0,0,0,
2011,澎湖縣,粟,0,0,0,0,
2011,基隆市,粟,0,0,0,0,
2011,新竹市,粟,0,0,0,0,
2011,嘉義市,粟,0,0,0,0,
2011,金門縣,粟,0,0,0,0,
2011,連江縣,粟,0,0,0,0,
2011,新北市,蜀黍,0,0,0,0,
2011,台北市,蜀黍,0,0,0,0,
2011,台中市,蜀黍,0.45,0.45,5955.56,2.68,
2011,台南市,蜀黍,0,0,0,0,
2011,高雄市,蜀黍,0,0,0,0,
2011,宜蘭縣,蜀黍,0.28,0.28,4500,1.26,
2011,桃園縣,蜀黍,0,0,0,0,
2011,新竹縣,蜀黍,0,0,0,0,
2011,苗栗縣,蜀黍,0,0,0,0,
2011,彰化縣,蜀黍,1,1,2500,2.5,
2011,南投縣,蜀黍,0,0,0,0,
2011,雲林縣,蜀黍,4.47,4.47,4827.74,21.58,
2011,嘉義縣,蜀黍,3.71,3.71,3176.55,11.785,
2011,屏東縣,蜀黍,1.87,1.87,3617.65,6.765,
2011,台東縣,蜀黍,3.6,3.6,1793.06,6.455,
2011,花蓮縣,蜀黍,0,0,0,0,
2011,澎湖縣,蜀黍,0.15,0.15,2000,0.3,
2011,基隆市,蜀黍,0,0,0,0,
2011,新竹市,蜀黍,0,0,0,0,
2011,嘉義市,蜀黍,0,0,0,0,
2011,金門縣,蜀黍,2186.01,1818.95,1848.85,3362.965,
2011,連江縣,蜀黍,0,0,0,0,
2011,新北市,其他糧食作物,0,0,0,0,
2011,台北市,其他糧食作物,0,0,0,0,
2011,台中市,其他糧食作物,32.45,32.45,2364.38,76.724,
2011,台南市,其他糧食作物,1.66,1.66,2609.64,4.332,
2011,高雄市,其他糧食作物,2.66,2.36,2016.53,4.759,
2011,宜蘭縣,其他糧食作物,0.25,0.25,3100,0.775,
2011,桃園縣,其他糧食作物,0.3,0.3,5020,1.506,
2011,新竹縣,其他糧食作物,35.21,35.21,2000,70.42,
2011,苗栗縣,其他糧食作物,11.45,11.45,1490.66,17.068,
2011,彰化縣,其他糧食作物,33.46,33.46,2170.11,72.612,
2011,南投縣,其他糧食作物,9.7,9.7,3288.35,31.897,
2011,雲林縣,其他糧食作物,10.1,10.1,1843.56,18.62,
2011,嘉義縣,其他糧食作物,26.27,26.27,1741.76,45.756,
2011,屏東縣,其他糧食作物,22.2,22.2,2801.94,62.203,
2011,台東縣,其他糧食作物,22.58,22.58,1477.41,33.36,
2011,花蓮縣,其他糧食作物,5.89,5.89,2570.46,15.14,
2011,澎湖縣,其他糧食作物,0,0,0,0,
2011,基隆市,其他糧食作物,0,0,0,0,
2011,新竹市,其他糧食作物,0,0,0,0,
2011,嘉義市,其他糧食作物,0,0,0,0,
2011,金門縣,其他糧食作物,0,0,0,0,
2011,連江縣,其他糧食作物,0,0,0,0,
2011,新北市,大豆,0,0,0,0,
2011,台北市,大豆,0,0,0,0,
2011,台中市,大豆,0,0,0,0,
2011,台南市,大豆,28.46,28.46,1810.54,51.528,
2011,高雄市,大豆,3.35,3.35,1969.55,6.598,
2011,宜蘭縣,大豆,0.85,0.85,1982.35,1.685,
2011,桃園縣,大豆,0.5,0.5,2000,1,
2011,新竹縣,大豆,0,0,0,0,
2011,苗栗縣,大豆,0,0,0,0,
2011,彰化縣,大豆,0,0,0,0,
2011,南投縣,大豆,0,0,0,0,
2011,雲林縣,大豆,10.2,10.2,2466.67,25.16,
2011,嘉義縣,大豆,0.5,0.5,1500,0.75,
2011,屏東縣,大豆,9.8,9.8,1708.16,16.74,
2011,台東縣,大豆,0,0,0,0,
2011,花蓮縣,大豆,0.9,0.9,1383.33,1.245,
2011,澎湖縣,大豆,0,0,0,0,
2011,基隆市,大豆,0,0,0,0,
2011,新竹市,大豆,0,0,0,0,
2011,嘉義市,大豆,0,0,0,0,
2011,金門縣,大豆,0,0,0,0,
2011,連江縣,大豆,0,0,0,0,
2011,新北市,花豆,0,0,0,0,
2011,台北市,花豆,0,0,0,0,
2011,台中市,花豆,0,0,0,0,
2011,台南市,花豆,1.96,1.96,1979.59,3.88,
2011,高雄市,花豆,0,0,0,0,
2011,宜蘭縣,花豆,0.05,0.05,2500,0.125,
2011,桃園縣,花豆,0,0,0,0,
2011,新竹縣,花豆,0,0,0,0,
2011,苗栗縣,花豆,0,0,0,0,
2011,彰化縣,花豆,25.43,25.43,2002.67,50.928,
2011,南投縣,花豆,1,1,1200,1.2,
2011,雲林縣,花豆,0,0,0,0,
2011,嘉義縣,花豆,0.15,0.15,1600,0.24,
2011,屏東縣,花豆,0,0,0,0,
2011,台東縣,花豆,0.61,0.61,1795.08,1.095,
2011,花蓮縣,花豆,0.1,0.1,1000,0.1,
2011,澎湖縣,花豆,0,0,0,0,
2011,基隆市,花豆,0,0,0,0,
2011,新竹市,花豆,0,0,0,0,
2011,嘉義市,花豆,0,0,0,0,
2011,金門縣,花豆,0,0,0,0,
2011,連江縣,花豆,0,0,0,0,
2011,新北市,綠豆,0,0,0,0,
2011,台北市,綠豆,0,0,0,0,
2011,台中市,綠豆,0.01,0.01,800,0.008,
2011,台南市,綠豆,28.39,28.39,883.52,25.083,
2011,高雄市,綠豆,1.06,1.06,1234.91,1.309,
2011,宜蘭縣,綠豆,0,0,0,0,
2011,桃園縣,綠豆,0,0,0,0,
2011,新竹縣,綠豆,0,0,0,0,
2011,苗栗縣,綠豆,0,0,0,0,
2011,彰化縣,綠豆,0,0,0,0,
2011,南投縣,綠豆,0,0,0,0,
2011,雲林縣,綠豆,0,0,0,0,
2011,嘉義縣,綠豆,5.76,5.76,1073.61,6.184,
2011,屏東縣,綠豆,1,1,1000,1,
2011,台東縣,綠豆,1,1,650,0.65,
2011,花蓮縣,綠豆,12.6,12.6,704.76,8.88,
2011,澎湖縣,綠豆,0,0,0,0,
2011,基隆市,綠豆,0,0,0,0,
2011,新竹市,綠豆,0,0,0,0,
2011,嘉義市,綠豆,0,0,0,0,
2011,金門縣,綠豆,0,0,0,0,
2011,連江縣,綠豆,0,0,0,0,
2011,新北市,紅豆,0,0,0,0,
2011,台北市,紅豆,0,0,0,0,
2011,台中市,紅豆,0,0,0,0,
2011,台南市,紅豆,133.6,133.6,1838.56,245.632,
2011,高雄市,紅豆,906.02,906.02,2147.38,1945.571,
2011,宜蘭縣,紅豆,0,0,0,0,
2011,桃園縣,紅豆,0,0,0,0,
2011,新竹縣,紅豆,0,0,0,0,
2011,苗栗縣,紅豆,0,0,0,0,
2011,彰化縣,紅豆,1,1,1500,1.5,
2011,南投縣,紅豆,0,0,0,0,
2011,雲林縣,紅豆,3.47,3.47,1300,4.511,
2011,嘉義縣,紅豆,31.85,31.85,1998.78,63.661,
2011,屏東縣,紅豆,4522.72,4522.72,2041.09,9231.273,
2011,台東縣,紅豆,2,2,2500,5,
2011,花蓮縣,紅豆,0.3,0.3,1350,0.405,
2011,澎湖縣,紅豆,0,0,0,0,
2011,基隆市,紅豆,0,0,0,0,
2011,新竹市,紅豆,0,0,0,0,
2011,嘉義市,紅豆,0.2,0.2,1100,0.22,
2011,金門縣,紅豆,0,0,0,0,
2011,連江縣,紅豆,0,0,0,0,
2011,新北市,落花生,35.26,35.26,1571.33,55.405,
2011,台北市,落花生,0,0,0,0,
2011,台中市,落花生,307.13,307.13,2382.3,731.677,
2011,台南市,落花生,440.61,440.61,2846.55,1254.219,
2011,高雄市,落花生,128.31,128.31,2322.89,298.05,
2011,宜蘭縣,落花生,120.52,120.52,2506.67,302.104,
2011,桃園縣,落花生,3.92,3.92,2066.84,8.102,
2011,新竹縣,落花生,8.03,8.03,2609.34,20.953,
2011,苗栗縣,落花生,130.69,130.69,2406.25,314.473,
2011,彰化縣,落花生,3447.23,3447.23,2753.96,9493.528,
2011,南投縣,落花生,24.33,23.93,2146.09,51.356,
2011,雲林縣,落花生,17273.52,17273.1,3049.36,52671.833,
2011,嘉義縣,落花生,780.25,780.25,2162.68,1687.433,
2011,屏東縣,落花生,165.6,165.6,3217.95,532.893,
2011,台東縣,落花生,27.86,27.86,1590.31,44.306,
2011,花蓮縣,落花生,260.92,258.47,1896.98,490.312,
2011,澎湖縣,落花生,174.88,174.88,1125.73,196.867,
2011,基隆市,落花生,0.37,0.37,1067.57,0.395,
2011,新竹市,落花生,4.5,4.5,2244.22,10.099,
2011,嘉義市,落花生,0.5,0.5,1400,0.7,
2011,金門縣,落花生,34.48,34.48,1918.76,66.159,
2011,連江縣,落花生,0,0,0,0,
2011,新北市,其他豆類,0,0,0,0,
2011,台北市,其他豆類,0,0,0,0,
2011,台中市,其他豆類,3.73,3.73,1400.54,5.224,
2011,台南市,其他豆類,10.45,10.45,1420.29,14.842,
2011,高雄市,其他豆類,31.67,31.67,2298.99,72.809,
2011,宜蘭縣,其他豆類,0.28,0.28,2000,0.56,
2011,桃園縣,其他豆類,11.44,11.44,2011.19,23.008,
2011,新竹縣,其他豆類,108.23,108.23,1210.48,131.01,
2011,苗栗縣,其他豆類,1,1,1050,1.05,
2011,彰化縣,其他豆類,2.1,2.1,1733.33,3.64,
2011,南投縣,其他豆類,0,0,0,0,
2011,雲林縣,其他豆類,42.58,42.58,1975.86,84.132,
2011,嘉義縣,其他豆類,5.75,5.75,1540.52,8.858,
2011,屏東縣,其他豆類,91.35,91.35,2005.88,183.237,
2011,台東縣,其他豆類,68.12,67.92,2007.92,136.378,
2011,花蓮縣,其他豆類,18.34,18.34,1403.87,25.747,
2011,澎湖縣,其他豆類,0,0,0,0,
2011,基隆市,其他豆類,0,0,0,0,
2011,新竹市,其他豆類,0,0,0,0,
2011,嘉義市,其他豆類,0,0,0,0,
2011,金門縣,其他豆類,0,0,0,0,
2011,連江縣,其他豆類,0,0,0,0,

