年度,地區別,蔬菜類別,種植面積,收穫面積,每公頃平均產量,產量,
2016,新北市,蘿蔔,93,93,30040,2800,
2016,台北市,蘿蔔,58,58,9036,527,
2016,桃園市,蘿蔔,19,19,19783,374,
2016,台中市,蘿蔔,73,73,28746,2106,
2016,台南市,蘿蔔,232,231,43963,10171,
2016,高雄市,蘿蔔,383,383,27761,10631,
2016,宜蘭縣,蘿蔔,30,30,29547,890,
2016,新竹縣,蘿蔔,57,57,17181,981,
2016,苗栗縣,蘿蔔,106,106,20218,2147,
2016,彰化縣,蘿蔔,353,353,36513,12882,
2016,南投縣,蘿蔔,102,102,19086,1941,
2016,雲林縣,蘿蔔,826,826,41013,33868,
2016,嘉義縣,蘿蔔,182,182,37438,6814,
2016,屏東縣,蘿蔔,24,24,17210,419,
2016,台東縣,蘿蔔,52,52,19667,1024,
2016,花蓮縣,蘿蔔,32,32,15000,475,
2016,澎湖縣,蘿蔔,6,6,9637,54,
2016,基隆市,蘿蔔,1,1,9951,12,
2016,新竹市,蘿蔔,3,3,20219,53,
2016,嘉義市,蘿蔔,-,-,-,-,
2016,金門縣,蘿蔔,1,1,25603,28,
2016,連江縣,蘿蔔,-,-,-,-,
2016,新北市,胡蘿蔔,6,6,16921,96,
2016,台北市,胡蘿蔔,12,12,11770,141,
2016,桃園市,胡蘿蔔,0,0,17000,1,
2016,台中市,胡蘿蔔,1,1,23333,32,
2016,台南市,胡蘿蔔,602,598,48958,29262,
2016,高雄市,胡蘿蔔,26,26,27840,722,
2016,宜蘭縣,胡蘿蔔,2,2,16226,34,
2016,新竹縣,胡蘿蔔,5,5,12563,66,
2016,苗栗縣,胡蘿蔔,1,1,14898,17,
2016,彰化縣,胡蘿蔔,668,668,31973,21344,
2016,南投縣,胡蘿蔔,2,2,35000,53,
2016,雲林縣,胡蘿蔔,1125,1125,41795,47022,
2016,嘉義縣,胡蘿蔔,1,1,27912,25,
2016,屏東縣,胡蘿蔔,1,1,15020,14,
2016,台東縣,胡蘿蔔,0,0,13903,4,
2016,花蓮縣,胡蘿蔔,2,2,15648,37,
2016,澎湖縣,胡蘿蔔,10,10,10346,101,
2016,基隆市,胡蘿蔔,-,-,-,-,
2016,新竹市,胡蘿蔔,0,0,20222,7,
2016,嘉義市,胡蘿蔔,-,-,-,-,
2016,金門縣,胡蘿蔔,0,0,24922,9,
2016,連江縣,胡蘿蔔,-,-,-,-,
2016,新北市,其他根菜類,1,1,15083,8,
2016,台北市,其他根菜類,-,-,-,-,
2016,桃園市,其他根菜類,0,0,17702,8,
2016,台中市,其他根菜類,0,0,18350,6,
2016,台南市,其他根菜類,40,40,15623,628,
2016,高雄市,其他根菜類,122,122,18865,2294,
2016,宜蘭縣,其他根菜類,0,0,18571,7,
2016,新竹縣,其他根菜類,1,1,10000,7,
2016,苗栗縣,其他根菜類,-,-,-,-,
2016,彰化縣,其他根菜類,8,8,18524,144,
2016,南投縣,其他根菜類,0,0,22000,2,
2016,雲林縣,其他根菜類,179,179,25856,4637,
2016,嘉義縣,其他根菜類,210,210,20187,4244,
2016,屏東縣,其他根菜類,135,135,19648,2657,
2016,台東縣,其他根菜類,-,-,-,-,
2016,花蓮縣,其他根菜類,16,16,10448,169,
2016,澎湖縣,其他根菜類,-,-,-,-,
2016,基隆市,其他根菜類,-,-,-,-,
2016,新竹市,其他根菜類,0,0,12300,1,
2016,嘉義市,其他根菜類,-,-,-,-,
2016,金門縣,其他根菜類,-,-,-,-,
2016,連江縣,其他根菜類,-,-,-,-,
2016,新北市,薑,13,13,18235,244,
2016,台北市,薑,2,2,8500,18,
2016,桃園市,薑,6,6,40588,242,
2016,台中市,薑,77,77,18584,1432,
2016,台南市,薑,3,3,21977,58,
2016,高雄市,薑,33,33,19845,658,
2016,宜蘭縣,薑,63,63,27521,1746,
2016,新竹縣,薑,36,36,17553,626,
2016,苗栗縣,薑,109,109,20435,2232,
2016,彰化縣,薑,2,2,17941,27,
2016,南投縣,薑,195,195,24558,4789,
2016,雲林縣,薑,5,5,24991,136,
2016,嘉義縣,薑,22,22,38522,865,
2016,屏東縣,薑,10,10,16847,161,
2016,台東縣,薑,404,404,23982,9700,
2016,花蓮縣,薑,28,28,16621,465,
2016,澎湖縣,薑,-,-,-,-,
2016,基隆市,薑,-,-,-,-,
2016,新竹市,薑,-,-,-,-,
2016,嘉義市,薑,1,1,16000,16,
2016,金門縣,薑,0,0,21100,0,
2016,連江縣,薑,-,-,-,-,
2016,新北市,芋,82,82,12516,1029,
2016,台北市,芋,3,3,11540,40,
2016,桃園市,芋,7,7,13958,96,
2016,台中市,芋,833,833,16762,13961,
2016,台南市,芋,73,73,20725,1507,
2016,高雄市,芋,69,69,13027,894,
2016,宜蘭縣,芋,23,23,15827,361,
2016,新竹縣,芋,17,17,17491,301,
2016,苗栗縣,芋,589,589,16117,9492,
2016,彰化縣,芋,23,23,21230,479,
2016,南投縣,芋,21,21,12225,253,
2016,雲林縣,芋,80,80,19803,1590,
2016,嘉義縣,芋,56,56,15908,892,
2016,屏東縣,芋,456,456,16198,7378,
2016,台東縣,芋,139,139,6854,952,
2016,花蓮縣,芋,181,181,16193,2927,
2016,澎湖縣,芋,0,0,6168,1,
2016,基隆市,芋,0,0,9923,4,
2016,新竹市,芋,4,4,12285,50,
2016,嘉義市,芋,1,1,14657,15,
2016,金門縣,芋,18,18,27061,492,
2016,連江縣,芋,-,-,-,-,
2016,新北市,馬鈴薯,0,0,20000,1,
2016,台北市,馬鈴薯,-,-,-,-,
2016,桃園市,馬鈴薯,-,-,-,-,
2016,台中市,馬鈴薯,593,593,25019,14844,
2016,台南市,馬鈴薯,104,104,20842,2160,
2016,高雄市,馬鈴薯,0,0,12000,1,
2016,宜蘭縣,馬鈴薯,-,-,-,-,
2016,新竹縣,馬鈴薯,-,-,-,-,
2016,苗栗縣,馬鈴薯,7,7,17500,117,
2016,彰化縣,馬鈴薯,20,20,19533,399,
2016,南投縣,馬鈴薯,1,1,15000,8,
2016,雲林縣,馬鈴薯,1320,1320,20448,26991,
2016,嘉義縣,馬鈴薯,668,668,19961,13336,
2016,屏東縣,馬鈴薯,-,-,-,-,
2016,台東縣,馬鈴薯,-,-,-,-,
2016,花蓮縣,馬鈴薯,2,2,15000,24,
2016,澎湖縣,馬鈴薯,-,-,-,-,
2016,基隆市,馬鈴薯,-,-,-,-,
2016,新竹市,馬鈴薯,-,-,-,-,
2016,嘉義市,馬鈴薯,8,8,15500,124,
2016,金門縣,馬鈴薯,1,1,17600,19,
2016,連江縣,馬鈴薯,-,-,-,-,
2016,新北市,蔥,84,84,12227,1026,
2016,台北市,蔥,14,14,12626,174,
2016,桃園市,蔥,30,30,16495,503,
2016,台中市,蔥,124,124,19200,2377,
2016,台南市,蔥,33,33,15924,523,
2016,高雄市,蔥,133,133,14353,1902,
2016,宜蘭縣,蔥,651,651,20257,13183,
2016,新竹縣,蔥,48,48,15881,766,
2016,苗栗縣,蔥,61,61,11926,728,
2016,彰化縣,蔥,1901,1901,24748,47055,
2016,南投縣,蔥,10,10,12593,126,
2016,雲林縣,蔥,1451,1451,20160,29258,
2016,嘉義縣,蔥,82,82,14765,1204,
2016,屏東縣,蔥,52,52,14866,780,
2016,台東縣,蔥,25,25,13875,342,
2016,花蓮縣,蔥,81,81,12158,982,
2016,澎湖縣,蔥,24,24,7865,189,
2016,基隆市,蔥,1,1,9492,11,
2016,新竹市,蔥,5,5,16223,76,
2016,嘉義市,蔥,0,0,13500,5,
2016,金門縣,蔥,1,1,18058,17,
2016,連江縣,蔥,-,-,-,-,
2016,新北市,蔥頭,-,-,-,-,
2016,台北市,蔥頭,-,-,-,-,
2016,桃園市,蔥頭,-,-,-,-,
2016,台中市,蔥頭,-,-,-,-,
2016,台南市,蔥頭,1113,1064,7910,8414,
2016,高雄市,蔥頭,0,0,9000,2,
2016,宜蘭縣,蔥頭,-,-,-,-,
2016,新竹縣,蔥頭,0,0,10500,0,
2016,苗栗縣,蔥頭,-,-,-,-,
2016,彰化縣,蔥頭,1,1,10360,9,
2016,南投縣,蔥頭,-,-,-,-,
2016,雲林縣,蔥頭,52,52,9554,493,
2016,嘉義縣,蔥頭,77,77,11167,854,
2016,屏東縣,蔥頭,-,-,-,-,
2016,台東縣,蔥頭,-,-,-,-,
2016,花蓮縣,蔥頭,-,-,-,-,
2016,澎湖縣,蔥頭,-,-,-,-,
2016,基隆市,蔥頭,-,-,-,-,
2016,新竹市,蔥頭,-,-,-,-,
2016,嘉義市,蔥頭,-,-,-,-,
2016,金門縣,蔥頭,-,-,-,-,
2016,連江縣,蔥頭,-,-,-,-,
2016,新北市,洋蔥,-,-,-,-,
2016,台北市,洋蔥,-,-,-,-,
2016,桃園市,洋蔥,-,-,-,-,
2016,台中市,洋蔥,0,0,40000,8,
2016,台南市,洋蔥,6,6,34294,209,
2016,高雄市,洋蔥,83,83,41521,3432,
2016,宜蘭縣,洋蔥,-,-,-,-,
2016,新竹縣,洋蔥,-,-,-,-,
2016,苗栗縣,洋蔥,-,-,-,-,
2016,彰化縣,洋蔥,301,301,37535,11313,
2016,南投縣,洋蔥,-,-,-,-,
2016,雲林縣,洋蔥,302,302,37300,11276,
2016,嘉義縣,洋蔥,142,142,54789,7769,
2016,屏東縣,洋蔥,477,477,53158,25365,
2016,台東縣,洋蔥,26,26,41039,1051,
2016,花蓮縣,洋蔥,-,-,-,-,
2016,澎湖縣,洋蔥,-,-,-,-,
2016,基隆市,洋蔥,-,-,-,-,
2016,新竹市,洋蔥,-,-,-,-,
2016,嘉義市,洋蔥,-,-,-,-,
2016,金門縣,洋蔥,-,-,-,-,
2016,連江縣,洋蔥,-,-,-,-,
2016,新北市,韭菜,24,24,12972,316,
2016,台北市,韭菜,0,0,4882,1,
2016,桃園市,韭菜,77,77,30099,2323,
2016,台中市,韭菜,19,19,10682,198,
2016,台南市,韭菜,1,1,10166,12,
2016,高雄市,韭菜,12,12,18119,218,
2016,宜蘭縣,韭菜,33,33,13319,442,
2016,新竹縣,韭菜,10,10,13674,134,
2016,苗栗縣,韭菜,4,4,15383,55,
2016,彰化縣,韭菜,467,467,38876,18141,
2016,南投縣,韭菜,1,1,18065,11,
2016,雲林縣,韭菜,3,3,15579,44,
2016,嘉義縣,韭菜,0,0,5500,2,
2016,屏東縣,韭菜,14,14,9707,137,
2016,台東縣,韭菜,2,2,17297,40,
2016,花蓮縣,韭菜,60,60,16107,973,
2016,澎湖縣,韭菜,0,0,7000,0,
2016,基隆市,韭菜,1,1,10000,6,
2016,新竹市,韭菜,0,0,12330,1,
2016,嘉義市,韭菜,-,-,-,-,
2016,金門縣,韭菜,0,0,11000,0,
2016,連江縣,韭菜,-,-,-,-,
2016,新北市,蒜,19,19,12694,245,
2016,台北市,蒜,1,1,6174,6,
2016,桃園市,蒜,4,4,15276,56,
2016,台中市,蒜,3,3,15323,39,
2016,台南市,蒜,0,-,-,-,
2016,高雄市,蒜,0,0,16889,3,
2016,宜蘭縣,蒜,153,153,19903,3050,
2016,新竹縣,蒜,11,11,13441,145,
2016,苗栗縣,蒜,16,16,11970,194,
2016,彰化縣,蒜,75,75,12629,944,
2016,南投縣,蒜,92,92,17156,1575,
2016,雲林縣,蒜,169,169,19162,3242,
2016,嘉義縣,蒜,6,6,15475,90,
2016,屏東縣,蒜,0,0,15625,1,
2016,台東縣,蒜,7,7,21008,149,
2016,花蓮縣,蒜,2,2,9193,21,
2016,澎湖縣,蒜,3,3,10377,28,
2016,基隆市,蒜,0,0,9700,0,
2016,新竹市,蒜,1,1,13000,7,
2016,嘉義市,蒜,-,-,-,-,
2016,金門縣,蒜,2,2,21001,33,
2016,連江縣,蒜,-,-,-,-,
2016,新北市,蒜頭,-,-,-,-,
2016,台北市,蒜頭,2,2,5195,8,
2016,桃園市,蒜頭,-,-,-,-,
2016,台中市,蒜頭,0,0,5316,1,
2016,台南市,蒜頭,193,193,6200,1198,
2016,高雄市,蒜頭,-,-,-,-,
2016,宜蘭縣,蒜頭,-,-,-,-,
2016,新竹縣,蒜頭,-,-,-,-,
2016,苗栗縣,蒜頭,0,0,6122,1,
2016,彰化縣,蒜頭,117,117,7779,907,
2016,南投縣,蒜頭,-,-,-,-,
2016,雲林縣,蒜頭,3963,3963,8139,32252,
2016,嘉義縣,蒜頭,32,32,8893,288,
2016,屏東縣,蒜頭,-,-,-,-,
2016,台東縣,蒜頭,1,1,6000,8,
2016,花蓮縣,蒜頭,-,-,-,-,
2016,澎湖縣,蒜頭,-,-,-,-,
2016,基隆市,蒜頭,0,0,9500,0,
2016,新竹市,蒜頭,-,-,-,-,
2016,嘉義市,蒜頭,-,-,-,-,
2016,金門縣,蒜頭,1,1,5084,5,
2016,連江縣,蒜頭,-,-,-,-,
2016,新北市,荸薺,-,-,-,-,
2016,台北市,荸薺,-,-,-,-,
2016,桃園市,荸薺,-,-,-,-,
2016,台中市,荸薺,1,1,14000,7,
2016,台南市,荸薺,-,-,-,-,
2016,高雄市,荸薺,-,-,-,-,
2016,宜蘭縣,荸薺,-,-,-,-,
2016,新竹縣,荸薺,-,-,-,-,
2016,苗栗縣,荸薺,-,-,-,-,
2016,彰化縣,荸薺,8,8,20000,162,
2016,南投縣,荸薺,-,-,-,-,
2016,雲林縣,荸薺,-,-,-,-,
2016,嘉義縣,荸薺,4,4,12662,53,
2016,屏東縣,荸薺,-,-,-,-,
2016,台東縣,荸薺,-,-,-,-,
2016,花蓮縣,荸薺,-,-,-,-,
2016,澎湖縣,荸薺,-,-,-,-,
2016,基隆市,荸薺,-,-,-,-,
2016,新竹市,荸薺,-,-,-,-,
2016,嘉義市,荸薺,-,-,-,-,
2016,金門縣,荸薺,-,-,-,-,
2016,連江縣,荸薺,-,-,-,-,
2016,新北市,竹筍,3104,3061,4555,13945,
2016,台北市,竹筍,505,505,3428,1730,
2016,桃園市,竹筍,881,879,5877,5166,
2016,台中市,竹筍,1129,1129,9793,11054,
2016,台南市,竹筍,3849,3843,9702,37291,
2016,高雄市,竹筍,1729,1727,10461,18065,
2016,宜蘭縣,竹筍,248,244,11653,2848,
2016,新竹縣,竹筍,363,363,6633,2407,
2016,苗栗縣,竹筍,2392,2392,10131,24229,
2016,彰化縣,竹筍,325,325,12499,4066,
2016,南投縣,竹筍,2282,2282,6424,14659,
2016,雲林縣,竹筍,3917,3916,17209,67395,
2016,嘉義縣,竹筍,4882,4255,6154,26186,
2016,屏東縣,竹筍,413,413,9543,3939,
2016,台東縣,竹筍,236,236,5576,1314,
2016,花蓮縣,竹筍,652,652,6094,3975,
2016,澎湖縣,竹筍,-,-,-,-,
2016,基隆市,竹筍,139,139,4599,638,
2016,新竹市,竹筍,22,22,5832,126,
2016,嘉義市,竹筍,85,85,9015,764,
2016,金門縣,竹筍,2,2,3200,5,
2016,連江縣,竹筍,-,-,-,-,
2016,新北市,蘆筍,1,1,3162,2,
2016,台北市,蘆筍,-,-,-,-,
2016,桃園市,蘆筍,-,-,-,-,
2016,台中市,蘆筍,12,12,5863,69,
2016,台南市,蘆筍,99,92,5704,527,
2016,高雄市,蘆筍,12,11,5176,58,
2016,宜蘭縣,蘆筍,0,0,4400,0,
2016,新竹縣,蘆筍,0,0,7581,1,
2016,苗栗縣,蘆筍,1,1,3052,3,
2016,彰化縣,蘆筍,183,183,3957,724,
2016,南投縣,蘆筍,3,3,2060,7,
2016,雲林縣,蘆筍,37,37,5405,199,
2016,嘉義縣,蘆筍,82,82,4166,341,
2016,屏東縣,蘆筍,13,13,4972,64,
2016,台東縣,蘆筍,3,3,2337,7,
2016,花蓮縣,蘆筍,3,3,4382,11,
2016,澎湖縣,蘆筍,-,-,-,-,
2016,基隆市,蘆筍,-,-,-,-,
2016,新竹市,蘆筍,-,-,-,-,
2016,嘉義市,蘆筍,3,3,3058,8,
2016,金門縣,蘆筍,0,0,3892,0,
2016,連江縣,蘆筍,-,-,-,-,
2016,新北市,筊白筍,154,154,4886,753,
2016,台北市,筊白筍,7,7,15445,103,
2016,桃園市,筊白筍,47,47,14654,694,
2016,台中市,筊白筍,16,16,17309,284,
2016,台南市,筊白筍,1,1,11924,9,
2016,高雄市,筊白筍,0,0,14976,3,
2016,宜蘭縣,筊白筍,41,41,12243,508,
2016,新竹縣,筊白筍,15,15,11840,173,
2016,苗栗縣,筊白筍,4,4,16754,72,
2016,彰化縣,筊白筍,2,2,20090,39,
2016,南投縣,筊白筍,1613,1613,25120,40515,
2016,雲林縣,筊白筍,0,0,10873,2,
2016,嘉義縣,筊白筍,3,3,16004,41,
2016,屏東縣,筊白筍,0,0,12000,1,
2016,台東縣,筊白筍,0,0,23676,9,
2016,花蓮縣,筊白筍,11,11,8077,88,
2016,澎湖縣,筊白筍,-,-,-,-,
2016,基隆市,筊白筍,0,0,9900,1,
2016,新竹市,筊白筍,3,3,11672,31,
2016,嘉義市,筊白筍,1,1,9000,5,
2016,金門縣,筊白筍,-,-,-,-,
2016,連江縣,筊白筍,-,-,-,-,
2016,新北市,其他莖菜類,29,29,13914,407,
2016,台北市,其他莖菜類,37,37,5951,222,
2016,桃園市,其他莖菜類,123,123,15284,1878,
2016,台中市,其他莖菜類,10,10,18993,194,
2016,台南市,其他莖菜類,394,393,3168,1246,
2016,高雄市,其他莖菜類,177,177,18940,3358,
2016,宜蘭縣,其他莖菜類,21,21,12353,264,
2016,新竹縣,其他莖菜類,14,14,11158,161,
2016,苗栗縣,其他莖菜類,77,77,12695,984,
2016,彰化縣,其他莖菜類,354,354,28245,9993,
2016,南投縣,其他莖菜類,7,7,18809,128,
2016,雲林縣,其他莖菜類,347,347,23480,8146,
2016,嘉義縣,其他莖菜類,237,237,13178,3129,
2016,屏東縣,其他莖菜類,8,8,11064,85,
2016,台東縣,其他莖菜類,4,4,12583,50,
2016,花蓮縣,其他莖菜類,62,62,11752,727,
2016,澎湖縣,其他莖菜類,9,9,9095,86,
2016,基隆市,其他莖菜類,0,0,9528,4,
2016,新竹市,其他莖菜類,2,2,10947,18,
2016,嘉義市,其他莖菜類,1,1,10363,10,
2016,金門縣,其他莖菜類,0,0,24300,9,
2016,連江縣,其他莖菜類,-,-,-,-,
2016,新北市,甘藍,108,108,32231,3491,
2016,台北市,甘藍,52,52,9943,513,
2016,桃園市,甘藍,82,82,33632,2760,
2016,台中市,甘藍,542,542,56603,30669,
2016,台南市,甘藍,469,462,44127,20406,
2016,高雄市,甘藍,176,176,38126,6701,
2016,宜蘭縣,甘藍,1318,1318,65616,86496,
2016,新竹縣,甘藍,201,201,34637,6970,
2016,苗栗縣,甘藍,177,177,28052,4956,
2016,彰化縣,甘藍,1412,1411,39148,55231,
2016,南投縣,甘藍,708,708,51319,36340,
2016,雲林縣,甘藍,1954,1954,46458,90794,
2016,嘉義縣,甘藍,565,565,45079,25473,
2016,屏東縣,甘藍,376,376,39172,14747,
2016,台東縣,甘藍,261,261,33640,8787,
2016,花蓮縣,甘藍,227,227,20715,4696,
2016,澎湖縣,甘藍,28,28,13682,386,
2016,基隆市,甘藍,0,0,9250,4,
2016,新竹市,甘藍,6,6,17863,111,
2016,嘉義市,甘藍,2,2,28928,63,
2016,金門縣,甘藍,3,3,26223,73,
2016,連江縣,甘藍,-,-,-,-,
2016,新北市,大芥菜,61,61,15475,938,
2016,台北市,大芥菜,52,52,11044,578,
2016,桃園市,大芥菜,17,17,22389,382,
2016,台中市,大芥菜,7,7,15462,101,
2016,台南市,大芥菜,167,167,48037,7999,
2016,高雄市,大芥菜,32,32,15298,488,
2016,宜蘭縣,大芥菜,7,7,17596,115,
2016,新竹縣,大芥菜,48,48,20473,986,
2016,苗栗縣,大芥菜,68,68,27731,1883,
2016,彰化縣,大芥菜,31,31,31973,986,
2016,南投縣,大芥菜,1,1,19654,20,
2016,雲林縣,大芥菜,249,249,22581,5617,
2016,嘉義縣,大芥菜,479,479,23872,11434,
2016,屏東縣,大芥菜,1,1,14420,16,
2016,台東縣,大芥菜,2,2,19441,48,
2016,花蓮縣,大芥菜,30,30,13707,406,
2016,澎湖縣,大芥菜,2,2,8730,17,
2016,基隆市,大芥菜,1,1,9284,9,
2016,新竹市,大芥菜,2,2,12703,21,
2016,嘉義市,大芥菜,8,8,21200,176,
2016,金門縣,大芥菜,0,0,21667,5,
2016,連江縣,大芥菜,-,-,-,-,
2016,新北市,結球白菜,46,46,30824,1413,
2016,台北市,結球白菜,52,52,13664,705,
2016,桃園市,結球白菜,10,10,19548,200,
2016,台中市,結球白菜,33,33,29352,957,
2016,台南市,結球白菜,15,14,40056,576,
2016,高雄市,結球白菜,34,34,31756,1067,
2016,宜蘭縣,結球白菜,99,99,62898,6228,
2016,新竹縣,結球白菜,50,50,27514,1374,
2016,苗栗縣,結球白菜,12,12,23716,288,
2016,彰化縣,結球白菜,541,534,38194,20395,
2016,南投縣,結球白菜,36,36,34480,1225,
2016,雲林縣,結球白菜,910,910,41412,37703,
2016,嘉義縣,結球白菜,69,69,32707,2266,
2016,屏東縣,結球白菜,61,61,36005,2185,
2016,台東縣,結球白菜,45,45,30072,1362,
2016,花蓮縣,結球白菜,109,109,19005,2078,
2016,澎湖縣,結球白菜,-,-,-,-,
2016,基隆市,結球白菜,0,0,9500,0,
2016,新竹市,結球白菜,1,1,11500,14,
2016,嘉義市,結球白菜,1,1,20213,15,
2016,金門縣,結球白菜,2,2,27630,46,
2016,連江縣,結球白菜,-,-,-,-,
2016,新北市,不結球白菜,260,260,15846,4127,
2016,台北市,不結球白菜,96,96,8704,839,
2016,桃園市,不結球白菜,906,906,20704,18749,
2016,台中市,不結球白菜,12,12,13138,162,
2016,台南市,不結球白菜,119,119,16462,1957,
2016,高雄市,不結球白菜,304,304,12536,3814,
2016,宜蘭縣,不結球白菜,8,8,13220,106,
2016,新竹縣,不結球白菜,36,36,15808,567,
2016,苗栗縣,不結球白菜,63,63,14562,918,
2016,彰化縣,不結球白菜,89,89,17923,1594,
2016,南投縣,不結球白菜,10,10,15430,153,
2016,雲林縣,不結球白菜,2705,2705,20313,54940,
2016,嘉義縣,不結球白菜,23,23,13904,320,
2016,屏東縣,不結球白菜,67,67,11269,753,
2016,台東縣,不結球白菜,8,8,11925,96,
2016,花蓮縣,不結球白菜,272,272,12123,3302,
2016,澎湖縣,不結球白菜,36,36,7282,263,
2016,基隆市,不結球白菜,2,2,9767,17,
2016,新竹市,不結球白菜,1,1,10130,15,
2016,嘉義市,不結球白菜,-,-,-,-,
2016,金門縣,不結球白菜,1,1,17256,26,
2016,連江縣,不結球白菜,-,-,-,-,
2016,新北市,甕菜,119,119,17176,2037,
2016,台北市,甕菜,51,51,11418,585,
2016,桃園市,甕菜,299,299,18709,5588,
2016,台中市,甕菜,140,140,14890,2079,
2016,台南市,甕菜,54,54,21495,1157,
2016,高雄市,甕菜,143,143,11988,1709,
2016,宜蘭縣,甕菜,14,14,21250,300,
2016,新竹縣,甕菜,13,13,12775,160,
2016,苗栗縣,甕菜,2,2,12367,23,
2016,彰化縣,甕菜,28,28,22722,646,
2016,南投縣,甕菜,29,29,14452,413,
2016,雲林縣,甕菜,1105,1105,18064,19965,
2016,嘉義縣,甕菜,55,55,12670,703,
2016,屏東縣,甕菜,24,24,12000,294,
2016,台東縣,甕菜,1,1,17233,18,
2016,花蓮縣,甕菜,10,10,9999,98,
2016,澎湖縣,甕菜,6,6,8122,52,
2016,基隆市,甕菜,1,1,9560,7,
2016,新竹市,甕菜,1,1,12444,14,
2016,嘉義市,甕菜,-,-,-,-,
2016,金門縣,甕菜,1,1,15809,9,
2016,連江縣,甕菜,-,-,-,-,
2016,新北市,芹菜,28,28,13907,384,
2016,台北市,芹菜,16,16,10476,168,
2016,桃園市,芹菜,8,8,20394,170,
2016,台中市,芹菜,0,0,16756,5,
2016,台南市,芹菜,9,7,21653,161,
2016,高雄市,芹菜,89,89,14503,1293,
2016,宜蘭縣,芹菜,1,1,20539,22,
2016,新竹縣,芹菜,14,14,12516,172,
2016,苗栗縣,芹菜,9,9,12017,107,
2016,彰化縣,芹菜,191,191,23618,4504,
2016,南投縣,芹菜,-,-,-,-,
2016,雲林縣,芹菜,629,629,20891,13135,
2016,嘉義縣,芹菜,3,3,14451,37,
2016,屏東縣,芹菜,20,20,12867,252,
2016,台東縣,芹菜,0,0,13966,4,
2016,花蓮縣,芹菜,3,3,9807,25,
2016,澎湖縣,芹菜,1,1,8401,12,
2016,基隆市,芹菜,0,0,9983,2,
2016,新竹市,芹菜,1,1,11251,9,
2016,嘉義市,芹菜,-,-,-,-,
2016,金門縣,芹菜,1,1,21241,15,
2016,連江縣,芹菜,-,-,-,-,
2016,新北市,其他葉菜類,939,939,14410,13532,
2016,台北市,其他葉菜類,336,335,8660,2901,
2016,桃園市,其他葉菜類,3533,3533,17613,62229,
2016,台中市,其他葉菜類,359,359,11852,4253,
2016,台南市,其他葉菜類,224,222,13536,3005,
2016,高雄市,其他葉菜類,774,774,12451,9638,
2016,宜蘭縣,其他葉菜類,427,427,15234,6510,
2016,新竹縣,其他葉菜類,234,234,12624,2959,
2016,苗栗縣,其他葉菜類,348,348,12684,4419,
2016,彰化縣,其他葉菜類,652,651,11324,7376,
2016,南投縣,其他葉菜類,338,338,14804,5002,
2016,雲林縣,其他葉菜類,9295,9295,17544,163059,
2016,嘉義縣,其他葉菜類,464,464,11681,5417,
2016,屏東縣,其他葉菜類,723,723,13685,9898,
2016,台東縣,其他葉菜類,67,67,5748,384,
2016,花蓮縣,其他葉菜類,776,776,9013,6995,
2016,澎湖縣,其他葉菜類,12,12,8077,98,
2016,基隆市,其他葉菜類,7,7,9823,73,
2016,新竹市,其他葉菜類,11,11,11840,132,
2016,嘉義市,其他葉菜類,3,3,10034,30,
2016,金門縣,其他葉菜類,4,4,14850,63,
2016,連江縣,其他葉菜類,-,-,-,-,
2016,新北市,花椰菜,26,26,14115,365,
2016,台北市,花椰菜,11,11,9552,101,
2016,桃園市,花椰菜,6,6,16505,103,
2016,台中市,花椰菜,12,12,15385,178,
2016,台南市,花椰菜,71,70,20279,1429,
2016,高雄市,花椰菜,444,444,21583,9572,
2016,宜蘭縣,花椰菜,5,5,14704,72,
2016,新竹縣,花椰菜,17,17,13464,224,
2016,苗栗縣,花椰菜,50,50,17048,852,
2016,彰化縣,花椰菜,1207,1207,29754,35910,
2016,南投縣,花椰菜,5,5,16182,79,
2016,雲林縣,花椰菜,894,894,21199,18943,
2016,嘉義縣,花椰菜,847,847,19407,16435,
2016,屏東縣,花椰菜,7,7,14813,98,
2016,台東縣,花椰菜,13,13,25840,332,
2016,花蓮縣,花椰菜,13,13,12206,155,
2016,澎湖縣,花椰菜,21,21,9611,198,
2016,基隆市,花椰菜,0,0,9000,0,
2016,新竹市,花椰菜,3,3,10409,27,
2016,嘉義市,花椰菜,0,0,17500,5,
2016,金門縣,花椰菜,2,2,19132,41,
2016,連江縣,花椰菜,-,-,-,-,
2016,新北市,金針菜,8,8,1002,8,
2016,台北市,金針菜,1,1,691,1,
2016,桃園市,金針菜,0,0,400,0,
2016,台中市,金針菜,0,0,750,0,
2016,台南市,金針菜,0,0,650,0,
2016,高雄市,金針菜,6,6,541,3,
2016,宜蘭縣,金針菜,0,0,525,0,
2016,新竹縣,金針菜,1,1,794,1,
2016,苗栗縣,金針菜,6,6,1026,6,
2016,彰化縣,金針菜,0,0,600,0,
2016,南投縣,金針菜,24,24,797,19,
2016,雲林縣,金針菜,3,3,826,2,
2016,嘉義縣,金針菜,6,6,632,4,
2016,屏東縣,金針菜,-,-,-,-,
2016,台東縣,金針菜,70,60,973,59,
2016,花蓮縣,金針菜,515,450,637,287,
2016,澎湖縣,金針菜,-,-,-,-,
2016,基隆市,金針菜,0,0,800,0,
2016,新竹市,金針菜,-,-,-,-,
2016,嘉義市,金針菜,0,0,1000,0,
2016,金門縣,金針菜,-,-,-,-,
2016,連江縣,金針菜,-,-,-,-,
2016,新北市,越瓜,-,-,-,-,
2016,台北市,越瓜,-,-,-,-,
2016,桃園市,越瓜,2,2,15040,26,
2016,台中市,越瓜,3,3,13145,33,
2016,台南市,越瓜,6,6,13571,86,
2016,高雄市,越瓜,11,11,22796,254,
2016,宜蘭縣,越瓜,3,3,14062,48,
2016,新竹縣,越瓜,3,3,15507,46,
2016,苗栗縣,越瓜,2,2,18379,35,
2016,彰化縣,越瓜,20,20,18666,381,
2016,南投縣,越瓜,-,-,-,-,
2016,雲林縣,越瓜,61,61,17975,1097,
2016,嘉義縣,越瓜,63,63,14153,889,
2016,屏東縣,越瓜,14,14,15604,225,
2016,台東縣,越瓜,1,1,16000,11,
2016,花蓮縣,越瓜,3,3,12573,34,
2016,澎湖縣,越瓜,9,9,6711,59,
2016,基隆市,越瓜,-,-,-,-,
2016,新竹市,越瓜,1,1,15000,21,
2016,嘉義市,越瓜,-,-,-,-,
2016,金門縣,越瓜,-,-,-,-,
2016,連江縣,越瓜,-,-,-,-,
2016,新北市,胡瓜,39,39,13774,537,
2016,台北市,胡瓜,0,0,3594,1,
2016,桃園市,胡瓜,11,11,15747,168,
2016,台中市,胡瓜,12,12,17846,218,
2016,台南市,胡瓜,85,84,19641,1641,
2016,高雄市,胡瓜,286,286,25532,7297,
2016,宜蘭縣,胡瓜,14,14,15746,215,
2016,新竹縣,胡瓜,7,7,11538,86,
2016,苗栗縣,胡瓜,101,101,19758,1992,
2016,彰化縣,胡瓜,240,240,22408,5369,
2016,南投縣,胡瓜,118,118,21870,2578,
2016,雲林縣,胡瓜,266,266,21756,5794,
2016,嘉義縣,胡瓜,122,122,19342,2364,
2016,屏東縣,胡瓜,765,765,24853,19002,
2016,台東縣,胡瓜,14,14,18234,252,
2016,花蓮縣,胡瓜,28,28,11978,335,
2016,澎湖縣,胡瓜,4,4,6600,24,
2016,基隆市,胡瓜,1,1,9586,8,
2016,新竹市,胡瓜,2,2,11000,17,
2016,嘉義市,胡瓜,2,2,14375,23,
2016,金門縣,胡瓜,0,0,16975,7,
2016,連江縣,胡瓜,-,-,-,-,
2016,新北市,冬瓜,71,71,12190,860,
2016,台北市,冬瓜,5,5,13450,73,
2016,桃園市,冬瓜,25,25,15981,392,
2016,台中市,冬瓜,152,152,22225,3370,
2016,台南市,冬瓜,10,9,17314,162,
2016,高雄市,冬瓜,66,66,30234,1982,
2016,宜蘭縣,冬瓜,35,35,21640,755,
2016,新竹縣,冬瓜,14,14,13879,196,
2016,苗栗縣,冬瓜,90,90,21987,1973,
2016,彰化縣,冬瓜,276,274,29657,8138,
2016,南投縣,冬瓜,1,1,20065,15,
2016,雲林縣,冬瓜,58,58,20665,1203,
2016,嘉義縣,冬瓜,65,65,20723,1339,
2016,屏東縣,冬瓜,233,233,16643,3885,
2016,台東縣,冬瓜,73,73,22165,1618,
2016,花蓮縣,冬瓜,159,156,17674,2750,
2016,澎湖縣,冬瓜,2,2,9266,16,
2016,基隆市,冬瓜,0,0,9579,2,
2016,新竹市,冬瓜,2,2,13835,31,
2016,嘉義市,冬瓜,-,-,-,-,
2016,金門縣,冬瓜,0,0,20671,4,
2016,連江縣,冬瓜,-,-,-,-,
2016,新北市,苦瓜,15,15,10944,161,
2016,台北市,苦瓜,0,0,7414,2,
2016,桃園市,苦瓜,1,1,13946,8,
2016,台中市,苦瓜,137,137,16746,2302,
2016,台南市,苦瓜,37,36,17441,626,
2016,高雄市,苦瓜,162,160,15439,2476,
2016,宜蘭縣,苦瓜,5,5,14566,68,
2016,新竹縣,苦瓜,18,18,12081,220,
2016,苗栗縣,苦瓜,60,60,14907,895,
2016,彰化縣,苦瓜,219,219,21762,4773,
2016,南投縣,苦瓜,101,101,14851,1506,
2016,雲林縣,苦瓜,27,27,15803,427,
2016,嘉義縣,苦瓜,116,116,15748,1821,
2016,屏東縣,苦瓜,620,620,16970,10516,
2016,台東縣,苦瓜,13,13,25138,317,
2016,花蓮縣,苦瓜,28,28,11240,318,
2016,澎湖縣,苦瓜,1,1,6500,9,
2016,基隆市,苦瓜,0,0,9295,4,
2016,新竹市,苦瓜,1,1,9167,6,
2016,嘉義市,苦瓜,4,4,11556,42,
2016,金門縣,苦瓜,0,0,19917,5,
2016,連江縣,苦瓜,-,-,-,-,
2016,新北市,茄子,29,29,9736,287,
2016,台北市,茄子,7,7,7260,48,
2016,桃園市,茄子,1,1,12655,18,
2016,台中市,茄子,5,5,11588,62,
2016,台南市,茄子,16,16,15412,246,
2016,高雄市,茄子,110,110,14735,1619,
2016,宜蘭縣,茄子,3,3,12875,38,
2016,新竹縣,茄子,9,9,10731,94,
2016,苗栗縣,茄子,5,5,10445,53,
2016,彰化縣,茄子,220,220,21696,4769,
2016,南投縣,茄子,132,132,13429,1776,
2016,雲林縣,茄子,105,105,17147,1799,
2016,嘉義縣,茄子,26,26,16863,445,
2016,屏東縣,茄子,553,553,23611,13046,
2016,台東縣,茄子,9,9,14662,135,
2016,花蓮縣,茄子,21,21,8769,186,
2016,澎湖縣,茄子,-,-,-,-,
2016,基隆市,茄子,0,0,8816,4,
2016,新竹市,茄子,1,1,9500,6,
2016,嘉義市,茄子,-,-,-,-,
2016,金門縣,茄子,0,0,16283,4,
2016,連江縣,茄子,-,-,-,-,
2016,新北市,菜豆,37,37,9493,347,
2016,台北市,菜豆,4,4,7447,27,
2016,桃園市,菜豆,1,1,13356,16,
2016,台中市,菜豆,5,5,9871,48,
2016,台南市,菜豆,13,12,13979,171,
2016,高雄市,菜豆,185,185,12089,2236,
2016,宜蘭縣,菜豆,6,6,13050,81,
2016,新竹縣,菜豆,6,6,9024,58,
2016,苗栗縣,菜豆,7,7,8734,63,
2016,彰化縣,菜豆,116,116,12752,1478,
2016,南投縣,菜豆,7,7,10829,76,
2016,雲林縣,菜豆,104,104,11737,1221,
2016,嘉義縣,菜豆,36,36,10379,376,
2016,屏東縣,菜豆,324,324,9957,3222,
2016,台東縣,菜豆,7,7,6933,49,
2016,花蓮縣,菜豆,21,21,9476,195,
2016,澎湖縣,菜豆,17,17,6661,111,
2016,基隆市,菜豆,0,0,9528,3,
2016,新竹市,菜豆,1,1,9500,10,
2016,嘉義市,菜豆,1,1,15000,17,
2016,金門縣,菜豆,0,0,16219,3,
2016,連江縣,菜豆,-,-,-,-,
2016,新北市,豌豆,2,2,9710,17,
2016,台北市,豌豆,2,2,7332,14,
2016,桃園市,豌豆,0,0,9900,1,
2016,台中市,豌豆,10,10,9346,98,
2016,台南市,豌豆,2,2,6677,11,
2016,高雄市,豌豆,1,1,6861,10,
2016,宜蘭縣,豌豆,1,1,7393,5,
2016,新竹縣,豌豆,2,2,7421,17,
2016,苗栗縣,豌豆,4,4,7003,28,
2016,彰化縣,豌豆,504,504,8103,4081,
2016,南投縣,豌豆,9,9,9919,88,
2016,雲林縣,豌豆,11,11,7985,90,
2016,嘉義縣,豌豆,2,2,7911,14,
2016,屏東縣,豌豆,-,-,-,-,
2016,台東縣,豌豆,1,1,7955,9,
2016,花蓮縣,豌豆,2,2,8076,19,
2016,澎湖縣,豌豆,-,-,-,-,
2016,基隆市,豌豆,-,-,-,-,
2016,新竹市,豌豆,0,0,7100,0,
2016,嘉義市,豌豆,-,-,-,-,
2016,金門縣,豌豆,-,-,-,-,
2016,連江縣,豌豆,-,-,-,-,
2016,新北市,毛豆,-,-,-,-,
2016,台北市,毛豆,-,-,-,-,
2016,桃園市,毛豆,-,-,-,-,
2016,台中市,毛豆,1,1,8544,13,
2016,台南市,毛豆,101,75,6056,454,
2016,高雄市,毛豆,1283,1283,10579,13572,
2016,宜蘭縣,毛豆,-,-,-,-,
2016,新竹縣,毛豆,-,-,-,-,
2016,苗栗縣,毛豆,0,0,6650,1,
2016,彰化縣,毛豆,130,130,8280,1078,
2016,南投縣,毛豆,-,-,-,-,
2016,雲林縣,毛豆,1374,1374,7141,9814,
2016,嘉義縣,毛豆,1087,1087,8373,9099,
2016,屏東縣,毛豆,4334,4334,6398,27726,
2016,台東縣,毛豆,3,3,7791,26,
2016,花蓮縣,毛豆,-,-,-,-,
2016,澎湖縣,毛豆,-,-,-,-,
2016,基隆市,毛豆,-,-,-,-,
2016,新竹市,毛豆,-,-,-,-,
2016,嘉義市,毛豆,-,-,-,-,
2016,金門縣,毛豆,-,-,-,-,
2016,連江縣,毛豆,-,-,-,-,
2016,新北市,番茄,1,1,11062,12,
2016,台北市,番茄,22,22,15407,335,
2016,桃園市,番茄,28,28,19093,542,
2016,台中市,番茄,97,97,20175,1962,
2016,台南市,番茄,762,754,26482,19974,
2016,高雄市,番茄,968,968,24501,23717,
2016,宜蘭縣,番茄,88,88,23734,2078,
2016,新竹縣,番茄,62,62,19441,1200,
2016,苗栗縣,番茄,182,182,20615,3746,
2016,彰化縣,番茄,407,407,25224,10265,
2016,南投縣,番茄,446,446,23865,10633,
2016,雲林縣,番茄,553,553,25933,14346,
2016,嘉義縣,番茄,1085,1085,21385,23202,
2016,屏東縣,番茄,90,90,21000,1893,
2016,台東縣,番茄,154,154,28000,4313,
2016,花蓮縣,番茄,45,44,12689,563,
2016,澎湖縣,番茄,11,11,8989,94,
2016,基隆市,番茄,0,0,8133,0,
2016,新竹市,番茄,0,0,11674,5,
2016,嘉義市,番茄,5,5,13568,69,
2016,金門縣,番茄,0,0,21879,7,
2016,連江縣,番茄,-,-,-,-,
2016,新北市,番椒,2,2,8568,14,
2016,台北市,番椒,10,10,9873,103,
2016,桃園市,番椒,5,5,8414,45,
2016,台中市,番椒,107,107,8383,897,
2016,台南市,番椒,151,150,9135,1374,
2016,高雄市,番椒,233,233,9048,2106,
2016,宜蘭縣,番椒,4,4,9692,41,
2016,新竹縣,番椒,32,32,14076,451,
2016,苗栗縣,番椒,35,35,8412,291,
2016,彰化縣,番椒,94,94,9149,858,
2016,南投縣,番椒,437,437,14779,6463,
2016,雲林縣,番椒,345,345,12106,4181,
2016,嘉義縣,番椒,538,538,8752,4708,
2016,屏東縣,番椒,357,357,9940,3547,
2016,台東縣,番椒,69,69,8294,576,
2016,花蓮縣,番椒,68,67,8749,583,
2016,澎湖縣,番椒,3,3,6091,17,
2016,基隆市,番椒,-,-,-,-,
2016,新竹市,番椒,-,-,-,-,
2016,嘉義市,番椒,4,4,6711,24,
2016,金門縣,番椒,0,0,8622,2,
2016,連江縣,番椒,-,-,-,-,
2016,新北市,洋香瓜,0,0,18200,0,
2016,台北市,洋香瓜,0,0,8500,1,
2016,桃園市,洋香瓜,25,25,20647,516,
2016,台中市,洋香瓜,20,20,14005,279,
2016,台南市,洋香瓜,1520,1502,11706,17582,
2016,高雄市,洋香瓜,142,142,11768,1667,
2016,宜蘭縣,洋香瓜,39,39,15367,595,
2016,新竹縣,洋香瓜,15,15,12189,179,
2016,苗栗縣,洋香瓜,3,3,11383,39,
2016,彰化縣,洋香瓜,96,96,22942,2213,
2016,南投縣,洋香瓜,0,0,12348,3,
2016,雲林縣,洋香瓜,312,312,18509,5770,
2016,嘉義縣,洋香瓜,466,466,11455,5333,
2016,屏東縣,洋香瓜,130,130,12257,1589,
2016,台東縣,洋香瓜,0,0,7000,2,
2016,花蓮縣,洋香瓜,5,5,7464,35,
2016,澎湖縣,洋香瓜,43,42,10097,429,
2016,基隆市,洋香瓜,-,-,-,-,
2016,新竹市,洋香瓜,-,-,-,-,
2016,嘉義市,洋香瓜,0,0,6500,1,
2016,金門縣,洋香瓜,-,-,-,-,
2016,連江縣,洋香瓜,-,-,-,-,
2016,新北市,西瓜,53,53,15311,813,
2016,台北市,西瓜,-,-,-,-,
2016,桃園市,西瓜,192,192,21177,4071,
2016,台中市,西瓜,438,438,26332,11539,
2016,台南市,西瓜,2125,2115,12004,25387,
2016,高雄市,西瓜,681,681,13094,8912,
2016,宜蘭縣,西瓜,702,702,29648,20820,
2016,新竹縣,西瓜,60,60,17184,1029,
2016,苗栗縣,西瓜,278,278,20418,5685,
2016,彰化縣,西瓜,466,466,21643,10094,
2016,南投縣,西瓜,9,9,18651,173,
2016,雲林縣,西瓜,1499,1499,20107,30144,
2016,嘉義縣,西瓜,786,786,13327,10474,
2016,屏東縣,西瓜,1100,1100,14518,15974,
2016,台東縣,西瓜,98,98,19075,1868,
2016,花蓮縣,西瓜,2190,2184,24568,53660,
2016,澎湖縣,西瓜,51,50,8608,433,
2016,基隆市,西瓜,-,-,-,-,
2016,新竹市,西瓜,2,2,16000,24,
2016,嘉義市,西瓜,1,1,14027,15,
2016,金門縣,西瓜,1,1,16979,16,
2016,連江縣,西瓜,-,-,-,-,
2016,新北市,香瓜,2,2,9860,18,
2016,台北市,香瓜,0,0,7700,1,
2016,桃園市,香瓜,9,8,13950,115,
2016,台中市,香瓜,28,28,12668,356,
2016,台南市,香瓜,227,227,11448,2597,
2016,高雄市,香瓜,687,687,11638,7996,
2016,宜蘭縣,香瓜,44,44,14667,650,
2016,新竹縣,香瓜,9,9,10731,93,
2016,苗栗縣,香瓜,22,22,12111,263,
2016,彰化縣,香瓜,231,231,17576,4055,
2016,南投縣,香瓜,2,2,10760,25,
2016,雲林縣,香瓜,284,284,17229,4889,
2016,嘉義縣,香瓜,316,316,11323,3582,
2016,屏東縣,香瓜,481,481,10377,4988,
2016,台東縣,香瓜,5,5,8973,42,
2016,花蓮縣,香瓜,0,0,14000,6,
2016,澎湖縣,香瓜,-,-,-,-,
2016,基隆市,香瓜,-,-,-,-,
2016,新竹市,香瓜,-,-,-,-,
2016,嘉義市,香瓜,1,1,10808,8,
2016,金門縣,香瓜,-,-,-,-,
2016,連江縣,香瓜,-,-,-,-,
2016,新北市,草莓,0,0,3644,0,
2016,台北市,草莓,4,4,11883,48,
2016,桃園市,草莓,1,1,9620,7,
2016,台中市,草莓,6,6,10129,64,
2016,台南市,草莓,5,5,12930,58,
2016,高雄市,草莓,3,3,9842,29,
2016,宜蘭縣,草莓,-,-,-,-,
2016,新竹縣,草莓,14,14,9174,127,
2016,苗栗縣,草莓,500,500,14021,7009,
2016,彰化縣,草莓,1,1,4179,3,
2016,南投縣,草莓,8,8,8440,70,
2016,雲林縣,草莓,2,2,6351,13,
2016,嘉義縣,草莓,2,2,8059,14,
2016,屏東縣,草莓,1,1,7670,4,
2016,台東縣,草莓,2,2,11263,21,
2016,花蓮縣,草莓,2,2,8741,18,
2016,澎湖縣,草莓,-,-,-,-,
2016,基隆市,草莓,-,-,-,-,
2016,新竹市,草莓,-,-,-,-,
2016,嘉義市,草莓,-,-,-,-,
2016,金門縣,草莓,-,-,-,-,
2016,連江縣,草莓,-,-,-,-,
2016,新北市,其他果菜類,300,300,10929,3278,
2016,台北市,其他果菜類,84,84,8153,687,
2016,桃園市,其他果菜類,89,89,14666,1310,
2016,台中市,其他果菜類,238,238,12263,2915,
2016,台南市,其他果菜類,1668,1647,13751,22644,
2016,高雄市,其他果菜類,1298,1298,13240,17187,
2016,宜蘭縣,其他果菜類,141,141,17177,2428,
2016,新竹縣,其他果菜類,69,69,11401,784,
2016,苗栗縣,其他果菜類,238,238,13224,3147,
2016,彰化縣,其他果菜類,746,745,19704,14675,
2016,南投縣,其他果菜類,1217,1217,14451,17584,
2016,雲林縣,其他果菜類,1162,1162,19435,22576,
2016,嘉義縣,其他果菜類,1702,1702,12581,21414,
2016,屏東縣,其他果菜類,1515,1514,12915,19558,
2016,台東縣,其他果菜類,625,623,19449,12126,
2016,花蓮縣,其他果菜類,1011,1011,14959,15122,
2016,澎湖縣,其他果菜類,47,47,11350,536,
2016,基隆市,其他果菜類,7,7,9609,64,
2016,新竹市,其他果菜類,9,8,12810,106,
2016,嘉義市,其他果菜類,29,29,14351,416,
2016,金門縣,其他果菜類,2,2,20335,45,
2016,連江縣,其他果菜類,-,-,-,-,
2015,新北市,蘿蔔,81.92,81.92,30553.3813476563,2502.933,
2015,台北市,蘿蔔,59.68,59.68,9414.02479892761,561.829,
2015,桃園市,蘿蔔,15.35,15.35,19872.3127035831,305.04,
2015,台中市,蘿蔔,74.1,74.1,32040.2429149798,2374.182,
2015,台南市,蘿蔔,201.18,201.18,49297.0275375286,9917.576,
2015,高雄市,蘿蔔,409.39,409.39,37621.004421212,15401.663,
2015,宜蘭縣,蘿蔔,30.17,30.17,28263.3410672854,852.705,
2015,新竹縣,蘿蔔,48.73,48.73,19792.0788015596,964.468,
2015,苗栗縣,蘿蔔,82.17,82.17,23665.0967506389,1944.561,
2015,彰化縣,蘿蔔,339.65,339.65,36970.881790078,12557.16,
2015,南投縣,蘿蔔,99.75,99.75,15728.8220551378,1568.95,
2015,雲林縣,蘿蔔,712.72,712.72,44626.8857335279,31806.474,
2015,嘉義縣,蘿蔔,181.27,175.78,38927.5799294573,6842.69,
2015,屏東縣,蘿蔔,41.28,41.28,18511.0707364341,764.137,
2015,台東縣,蘿蔔,22.17,22.17,22512.1786197564,499.095,
2015,花蓮縣,蘿蔔,53.05,53.05,13507.1630537229,716.555,
2015,澎湖縣,蘿蔔,5.48,5.48,9591.05839416058,52.559,
2015,基隆市,蘿蔔,0.89,0.89,9960.67415730337,8.865,
2015,新竹市,蘿蔔,2.6,2.6,14178.8461538462,36.865,
2015,嘉義市,蘿蔔,0,0,0,0,
2015,金門縣,蘿蔔,1.64,1.64,25643.2926829268,42.055,
2015,連江縣,蘿蔔,0,0,0,0,
2015,新北市,胡蘿蔔,8.17,8.17,16044.9204406365,131.087,
2015,台北市,胡蘿蔔,11.6,11.6,12677.2413793103,147.056,
2015,桃園市,胡蘿蔔,0.77,0.77,16337.6623376623,12.58,
2015,台中市,胡蘿蔔,20.26,20.26,31067.9170779862,629.436,
2015,台南市,胡蘿蔔,634.87,634.87,64002.7107911856,40633.401,
2015,高雄市,胡蘿蔔,2.86,2.86,31527.6223776224,90.169,
2015,宜蘭縣,胡蘿蔔,1.61,1.61,17481.3664596273,28.145,
2015,新竹縣,胡蘿蔔,1.77,1.77,18203.3898305085,32.22,
2015,苗栗縣,胡蘿蔔,0.2,0.2,24825,4.965,
2015,彰化縣,胡蘿蔔,597.49,597.49,39628.7636613165,23677.79,
2015,南投縣,胡蘿蔔,0,0,0,0,
2015,雲林縣,胡蘿蔔,1071.79,1071.79,40490.2452905886,43397.04,
2015,嘉義縣,胡蘿蔔,1.56,1.56,23301.2820512821,36.35,
2015,屏東縣,胡蘿蔔,0.18,0.18,16444.4444444444,2.96,
2015,台東縣,胡蘿蔔,0.09,0.09,14555.5555555556,1.31,
2015,花蓮縣,胡蘿蔔,1.48,1.48,15966.8918918919,23.631,
2015,澎湖縣,胡蘿蔔,8.7,8.7,10056.5517241379,87.492,
2015,基隆市,胡蘿蔔,0,0,0,0,
2015,新竹市,胡蘿蔔,0.33,0.33,14669.696969697,4.841,
2015,嘉義市,胡蘿蔔,0,0,0,0,
2015,金門縣,胡蘿蔔,0.64,0.64,24923.4375,15.951,
2015,連江縣,胡蘿蔔,0,0,0,0,
2015,新北市,其他根菜類,1.12,1.12,15000,16.8,
2015,台北市,其他根菜類,0,0,0,0,
2015,桃園市,其他根菜類,0,0,0,0,
2015,台中市,其他根菜類,3.88,3.88,22709.793814433,88.114,
2015,台南市,其他根菜類,40.04,40.04,19753.2967032967,790.922,
2015,高雄市,其他根菜類,124.42,124.42,18887.9601350265,2350.04,
2015,宜蘭縣,其他根菜類,2.67,2.67,20737.8277153558,55.37,
2015,新竹縣,其他根菜類,0,0,0,0,
2015,苗栗縣,其他根菜類,0,0,0,0,
2015,彰化縣,其他根菜類,9.33,9.33,20163.9871382637,188.13,
2015,南投縣,其他根菜類,0,0,0,0,
2015,雲林縣,其他根菜類,167.85,167.85,28295.9249329759,4749.471,
2015,嘉義縣,其他根菜類,188.95,188.95,30825.5093940196,5824.48,
2015,屏東縣,其他根菜類,121.89,121.89,21120.428254984,2574.369,
2015,台東縣,其他根菜類,0.2,0.2,9000,1.8,
2015,花蓮縣,其他根菜類,0.04,0.04,14000,0.56,
2015,澎湖縣,其他根菜類,0,0,0,0,
2015,基隆市,其他根菜類,0,0,0,0,
2015,新竹市,其他根菜類,0,0,0,0,
2015,嘉義市,其他根菜類,0,0,0,0,
2015,金門縣,其他根菜類,0,0,0,0,
2015,連江縣,其他根菜類,0,0,0,0,
2015,新北市,薑,6.43,6.43,18552.566096423,119.293,
2015,台北市,薑,2.17,2.17,8300,18.011,
2015,桃園市,薑,7.64,7.64,39134.8167539267,298.99,
2015,台中市,薑,56.52,56.52,17127.8485491861,968.066,
2015,台南市,薑,2.6,2.6,25623.0769230769,66.62,
2015,高雄市,薑,32.9,32.9,21337.9939209726,702.02,
2015,宜蘭縣,薑,48.83,48.83,28651.4847429859,1399.052,
2015,新竹縣,薑,16.39,16.39,17535.0823672971,287.4,
2015,苗栗縣,薑,88.29,88.29,22562.0115528372,1992,
2015,彰化縣,薑,0.36,0.36,17777.7777777778,6.4,
2015,南投縣,薑,219.66,219.66,35323.5910042793,7759.18,
2015,雲林縣,薑,33.02,33.02,24746.8201090248,817.14,
2015,嘉義縣,薑,32.21,32.21,37875.1940391183,1219.96,
2015,屏東縣,薑,10.41,10.41,17303.4582132565,180.129,
2015,台東縣,薑,274.95,274.95,29567.3831605746,8129.552,
2015,花蓮縣,薑,29.39,29.39,16510.3096291256,485.238,
2015,澎湖縣,薑,0,0,0,0,
2015,基隆市,薑,0,0,0,0,
2015,新竹市,薑,0,0,0,0,
2015,嘉義市,薑,1,1,16000,16,
2015,金門縣,薑,0.02,0.02,22100,0.442,
2015,連江縣,薑,0,0,0,0,
2015,新北市,芋,79.65,79.65,11741.5693659761,935.216,
2015,台北市,芋,3.5,3.5,14114.2857142857,49.4,
2015,桃園市,芋,2.3,2.3,14591.3043478261,33.56,
2015,台中市,芋,774.85,774.85,17645.7236884558,13672.789,
2015,台南市,芋,83.51,83.51,21676.7812238055,1810.228,
2015,高雄市,芋,61.37,61.37,13871.7777415675,851.311,
2015,宜蘭縣,芋,25.81,25.81,13773.2661759008,355.488,
2015,新竹縣,芋,20.29,20.29,14507.1463775259,294.35,
2015,苗栗縣,芋,576.31,576.31,15738.3265950617,9070.155,
2015,彰化縣,芋,26.1,26.1,20784.6743295019,542.48,
2015,南投縣,芋,19.25,19.25,12253.6623376623,235.883,
2015,雲林縣,芋,77.36,77.36,22709.9017580145,1756.838,
2015,嘉義縣,芋,40.35,40.35,16388.302354399,661.268,
2015,屏東縣,芋,423.86,423.86,15885.6273297787,6733.282,
2015,台東縣,芋,103.29,103.29,7403.62087326944,764.72,
2015,花蓮縣,芋,121.65,121.65,15899.893136046,1934.222,
2015,澎湖縣,芋,0.19,0.15,6126.66666666667,0.919,
2015,基隆市,芋,0.04,0.04,9725,0.389,
2015,新竹市,芋,4.32,4.32,13247.6851851852,57.23,
2015,嘉義市,芋,1.56,1.56,13878.8461538462,21.651,
2015,金門縣,芋,23.02,23.02,27200,626.144,
2015,連江縣,芋,0,0,0,0,
2015,新北市,馬鈴薯,0.05,0.05,20000,1,
2015,台北市,馬鈴薯,0,0,0,0,
2015,桃園市,馬鈴薯,0,0,0,0,
2015,台中市,馬鈴薯,474.34,474.34,27798.5790782983,13185.978,
2015,台南市,馬鈴薯,76.56,76.56,22251.828631139,1703.6,
2015,高雄市,馬鈴薯,0,0,0,0,
2015,宜蘭縣,馬鈴薯,0,0,0,0,
2015,新竹縣,馬鈴薯,0.1,0.1,15000,1.5,
2015,苗栗縣,馬鈴薯,3.5,3.5,18385.7142857143,64.35,
2015,彰化縣,馬鈴薯,2.24,2.24,24332.5892857143,54.505,
2015,南投縣,馬鈴薯,0.5,0.5,15000,7.5,
2015,雲林縣,馬鈴薯,1326.2,1326.2,25836.9205248077,34264.924,
2015,嘉義縣,馬鈴薯,623.56,623.56,23709.4617999872,14784.272,
2015,屏東縣,馬鈴薯,0,0,0,0,
2015,台東縣,馬鈴薯,0,0,0,0,
2015,花蓮縣,馬鈴薯,0.7,0.7,18500,12.95,
2015,澎湖縣,馬鈴薯,0,0,0,0,
2015,基隆市,馬鈴薯,0,0,0,0,
2015,新竹市,馬鈴薯,0,0,0,0,
2015,嘉義市,馬鈴薯,8,8,15500,124,
2015,金門縣,馬鈴薯,2.41,2.41,18889.2116182573,45.523,
2015,連江縣,馬鈴薯,0,0,0,0,
2015,新北市,蔥,96.43,96.43,12569.0760136887,1212.036,
2015,台北市,蔥,10.35,10.35,10993.2367149758,113.78,
2015,桃園市,蔥,26.51,26.51,17976.046774802,476.545,
2015,台中市,蔥,121.08,121.08,20154.2699041956,2440.279,
2015,台南市,蔥,34.47,34.47,16195.6774006382,558.265,
2015,高雄市,蔥,177.54,177.54,14892.0806578799,2643.94,
2015,宜蘭縣,蔥,678.66,678.66,18723.3843161524,12706.812,
2015,新竹縣,蔥,39.19,39.19,16894.0290890533,662.077,
2015,苗栗縣,蔥,54.2,54.2,13505.258302583,731.985,
2015,彰化縣,蔥,1643.5,1643.5,24832.1886218436,40811.702,
2015,南投縣,蔥,13.2,13.2,12647.7272727273,166.95,
2015,雲林縣,蔥,1426.21,1426.21,21869.7646209184,31190.877,
2015,嘉義縣,蔥,85.16,85.16,15549.8590887741,1324.226,
2015,屏東縣,蔥,57.01,57.01,16269.9877214524,927.552,
2015,台東縣,蔥,11.72,11.72,15152.2184300341,177.584,
2015,花蓮縣,蔥,56.83,56.83,12048.6010909731,684.722,
2015,澎湖縣,蔥,24.24,24.21,7875.6712102437,190.67,
2015,基隆市,蔥,0.48,0.48,9831.25,4.719,
2015,新竹市,蔥,5.07,5.07,16987.3767258383,86.126,
2015,嘉義市,蔥,0.53,0.53,12273.5849056604,6.505,
2015,金門縣,蔥,1.59,1.59,18489.9371069182,29.399,
2015,連江縣,蔥,0,0,0,0,
2015,新北市,蔥頭,0,0,0,0,
2015,台北市,蔥頭,0,0,0,0,
2015,桃園市,蔥頭,0,0,0,0,
2015,台中市,蔥頭,0.15,0.15,19673.3333333333,2.951,
2015,台南市,蔥頭,912.78,912.78,11075.7663401915,10109.738,
2015,高雄市,蔥頭,0.01,0.01,8000,0.08,
2015,宜蘭縣,蔥頭,0.6,0.6,8550,5.13,
2015,新竹縣,蔥頭,0.01,0.01,10500,0.105,
2015,苗栗縣,蔥頭,0,0,0,0,
2015,彰化縣,蔥頭,0.29,0.29,9406.89655172414,2.728,
2015,南投縣,蔥頭,0,0,0,0,
2015,雲林縣,蔥頭,51.63,51.63,11022.6999806314,569.102,
2015,嘉義縣,蔥頭,74.69,74.69,10928.5044852055,816.25,
2015,屏東縣,蔥頭,0,0,0,0,
2015,台東縣,蔥頭,0.6,0.6,10000,6,
2015,花蓮縣,蔥頭,0.1,0.1,10480,1.048,
2015,澎湖縣,蔥頭,0,0,0,0,
2015,基隆市,蔥頭,0,0,0,0,
2015,新竹市,蔥頭,0,0,0,0,
2015,嘉義市,蔥頭,0,0,0,0,
2015,金門縣,蔥頭,0,0,0,0,
2015,連江縣,蔥頭,0,0,0,0,
2015,新北市,洋蔥,0,0,0,0,
2015,台北市,洋蔥,0,0,0,0,
2015,桃園市,洋蔥,0,0,0,0,
2015,台中市,洋蔥,0.25,0.25,50500,12.625,
2015,台南市,洋蔥,9.17,9.17,40133.1515812432,368.021,
2015,高雄市,洋蔥,63.66,63.66,51096.5441407477,3252.806,
2015,宜蘭縣,洋蔥,0,0,0,0,
2015,新竹縣,洋蔥,0,0,0,0,
2015,苗栗縣,洋蔥,0,0,0,0,
2015,彰化縣,洋蔥,302.66,302.66,45047.7962069649,13634.166,
2015,南投縣,洋蔥,0,0,0,0,
2015,雲林縣,洋蔥,198.79,198.79,36461.5976658786,7248.201,
2015,嘉義縣,洋蔥,86.04,86.04,55701.3017201302,4792.54,
2015,屏東縣,洋蔥,404.44,404.44,64443.2276728316,26063.419,
2015,台東縣,洋蔥,28.55,28.55,43500,1241.925,
2015,花蓮縣,洋蔥,0,0,0,0,
2015,澎湖縣,洋蔥,0,0,0,0,
2015,基隆市,洋蔥,0,0,0,0,
2015,新竹市,洋蔥,0,0,0,0,
2015,嘉義市,洋蔥,0,0,0,0,
2015,金門縣,洋蔥,0,0,0,0,
2015,連江縣,洋蔥,0,0,0,0,
2015,新北市,韭菜,25.93,25.93,13021.4809101427,337.647,
2015,台北市,韭菜,0.05,0.05,4800,0.24,
2015,桃園市,韭菜,64.64,64.64,38941.676980198,2517.19,
2015,台中市,韭菜,18.44,18.44,12695.3904555315,234.103,
2015,台南市,韭菜,1.88,1.88,10011.170212766,18.821,
2015,高雄市,韭菜,8.29,8.29,19048.492159228,157.912,
2015,宜蘭縣,韭菜,37.03,37.03,12645.0985687281,468.248,
2015,新竹縣,韭菜,7.18,7.18,13596.7966573816,97.625,
2015,苗栗縣,韭菜,2.54,2.54,16567.3228346457,42.081,
2015,彰化縣,韭菜,654.88,654.13,41636.066225368,27235.4,
2015,南投縣,韭菜,0.45,0.45,30000,13.5,
2015,雲林縣,韭菜,2.05,1.91,18979.057591623,36.25,
2015,嘉義縣,韭菜,0.4,0.4,8000,3.2,
2015,屏東縣,韭菜,14.2,14.2,11090.1408450704,157.48,
2015,台東縣,韭菜,5.5,5.5,19052.1818181818,104.787,
2015,花蓮縣,韭菜,63.4,63.4,16514.0220820189,1046.989,
2015,澎湖縣,韭菜,0.06,0.05,9700,0.485,
2015,基隆市,韭菜,0.6,0.6,10496.6666666667,6.298,
2015,新竹市,韭菜,0.12,0.12,12450,1.494,
2015,嘉義市,韭菜,0,0,0,0,
2015,金門縣,韭菜,0,0,0,0,
2015,連江縣,韭菜,0,0,0,0,
2015,新北市,蒜,20.09,20.09,12929.9153807865,259.762,
2015,台北市,蒜,0.84,0.84,1350,1.134,
2015,桃園市,蒜,3.83,3.83,14926.3707571802,57.168,
2015,台中市,蒜,11.5,11.5,14385.652173913,165.435,
2015,台南市,蒜,1.42,1.42,20000,28.4,
2015,高雄市,蒜,2.71,2.71,9450.18450184502,25.61,
2015,宜蘭縣,蒜,145.5,145.3,21224.6455609085,3083.941,
2015,新竹縣,蒜,9.29,9.29,15832.6157158235,147.085,
2015,苗栗縣,蒜,12.09,12.09,15193.5483870968,183.69,
2015,彰化縣,蒜,103.88,103.88,14717.4720831729,1528.851,
2015,南投縣,蒜,127.56,127.56,15931.7184070241,2032.25,
2015,雲林縣,蒜,217.51,217.51,22656.2870672613,4927.969,
2015,嘉義縣,蒜,22.24,22.24,17375.2697841727,386.426,
2015,屏東縣,蒜,0.1,0.1,16620,1.662,
2015,台東縣,蒜,2.61,2.61,21000,54.81,
2015,花蓮縣,蒜,5.6,5.6,9241.07142857143,51.75,
2015,澎湖縣,蒜,2.7,2.7,10370.3703703704,28,
2015,基隆市,蒜,0,0,0,0,
2015,新竹市,蒜,0.62,0.62,13548.3870967742,8.4,
2015,嘉義市,蒜,0.05,0.05,5800,0.29,
2015,金門縣,蒜,1.7,1.7,23104.7058823529,39.278,
2015,連江縣,蒜,0,0,0,0,
2015,新北市,蒜頭,0,0,0,0,
2015,台北市,蒜頭,0,0,0,0,
2015,桃園市,蒜頭,0,0,0,0,
2015,台中市,蒜頭,0,0,0,0,
2015,台南市,蒜頭,275.61,275.61,8296.0777910816,2286.482,
2015,高雄市,蒜頭,0.03,0.03,8100,0.243,
2015,宜蘭縣,蒜頭,1.89,1.89,9370.37037037037,17.71,
2015,新竹縣,蒜頭,0.24,0.24,6200,1.488,
2015,苗栗縣,蒜頭,0,0,0,0,
2015,彰化縣,蒜頭,185.09,185.09,9370.06321249122,1734.305,
2015,南投縣,蒜頭,0,0,0,0,
2015,雲林縣,蒜頭,3650.75,3650.75,12420.1750325276,45342.954,
2015,嘉義縣,蒜頭,30.3,30.3,10130.6930693069,306.96,
2015,屏東縣,蒜頭,0,0,0,0,
2015,台東縣,蒜頭,2.14,2.14,6000,12.84,
2015,花蓮縣,蒜頭,0.4,0.4,8900,3.56,
2015,澎湖縣,蒜頭,0,0,0,0,
2015,基隆市,蒜頭,0.02,0.02,9850,0.197,
2015,新竹市,蒜頭,0,0,0,0,
2015,嘉義市,蒜頭,0,0,0,0,
2015,金門縣,蒜頭,1.59,1.59,5584.27672955975,8.879,
2015,連江縣,蒜頭,0,0,0,0,
2015,新北市,荸薺,0,0,0,0,
2015,台北市,荸薺,0,0,0,0,
2015,桃園市,荸薺,0,0,0,0,
2015,台中市,荸薺,0,0,0,0,
2015,台南市,荸薺,0,0,0,0,
2015,高雄市,荸薺,0,0,0,0,
2015,宜蘭縣,荸薺,0,0,0,0,
2015,新竹縣,荸薺,0,0,0,0,
2015,苗栗縣,荸薺,0,0,0,0,
2015,彰化縣,荸薺,6.37,6.37,15651.4913657771,99.7,
2015,南投縣,荸薺,0,0,0,0,
2015,雲林縣,荸薺,0,0,0,0,
2015,嘉義縣,荸薺,3.7,3.7,9702.7027027027,35.9,
2015,屏東縣,荸薺,0,0,0,0,
2015,台東縣,荸薺,0,0,0,0,
2015,花蓮縣,荸薺,0,0,0,0,
2015,澎湖縣,荸薺,0,0,0,0,
2015,基隆市,荸薺,0,0,0,0,
2015,新竹市,荸薺,0,0,0,0,
2015,嘉義市,荸薺,0,0,0,0,
2015,金門縣,荸薺,0,0,0,0,
2015,連江縣,荸薺,0,0,0,0,
2015,新北市,竹筍,3118.87,3070.82,4824.98713698621,14816.667,
2015,台北市,竹筍,715.65,715.65,2974.35198770349,2128.595,
2015,桃園市,竹筍,934.26,931.33,5186.9111915218,4830.726,
2015,台中市,竹筍,1071.82,1065.22,10208.3175306509,10874.104,
2015,台南市,竹筍,3872.11,3855.32,9527.1111088055,36730.062,
2015,高雄市,竹筍,1699.23,1698.93,10736.3328683348,18240.278,
2015,宜蘭縣,竹筍,248.23,248.23,9779.9379607622,2427.674,
2015,新竹縣,竹筍,371.24,371.24,6587.56060769314,2445.566,
2015,苗栗縣,竹筍,2431.38,2430.66,9231.55932956481,22438.782,
2015,彰化縣,竹筍,326.12,326.12,12642.4628970931,4122.96,
2015,南投縣,竹筍,2305,2305,8565.68676789588,19743.908,
2015,雲林縣,竹筍,3731.52,3730.02,17929.3212905025,66876.727,
2015,嘉義縣,竹筍,4935.42,4317.04,6934.21302559161,29935.275,
2015,屏東縣,竹筍,428.86,428.86,11075.779974817,4749.959,
2015,台東縣,竹筍,232.97,232.97,6198.40322788342,1444.042,
2015,花蓮縣,竹筍,685.47,685.17,6021.10279200782,4125.479,
2015,澎湖縣,竹筍,0,0,0,0,
2015,基隆市,竹筍,138.13,138.13,4497.84985158908,621.288,
2015,新竹市,竹筍,22.72,22.72,5695.42253521127,129.4,
2015,嘉義市,竹筍,85.27,85.27,9006.75501348657,768.006,
2015,金門縣,竹筍,0,0,0,0,
2015,連江縣,竹筍,0,0,0,0,
2015,新北市,蘆筍,0.72,0.72,3216.66666666667,2.316,
2015,台北市,蘆筍,0,0,0,0,
2015,桃園市,蘆筍,0,0,0,0,
2015,台中市,蘆筍,17.41,17.41,6651.6369902355,115.805,
2015,台南市,蘆筍,102.9,102.9,6159.7084548105,633.834,
2015,高雄市,蘆筍,9.89,9.89,5453.79170879676,53.938,
2015,宜蘭縣,蘆筍,0.3,0.3,5333.33333333333,1.6,
2015,新竹縣,蘆筍,0.13,0.13,7561.53846153846,0.983,
2015,苗栗縣,蘆筍,0.6,0.6,3193.33333333333,1.916,
2015,彰化縣,蘆筍,288.71,288.71,5002.79172872433,1444.356,
2015,南投縣,蘆筍,3.1,3.1,5500,17.05,
2015,雲林縣,蘆筍,39.35,39.35,5774.43456162643,227.224,
2015,嘉義縣,蘆筍,86.38,86.38,4307.9184996527,372.118,
2015,屏東縣,蘆筍,19.82,19.67,6253.88917132689,123.014,
2015,台東縣,蘆筍,1.7,1.7,2964.70588235294,5.04,
2015,花蓮縣,蘆筍,1.69,1.69,4431.95266272189,7.49,
2015,澎湖縣,蘆筍,0,0,0,0,
2015,基隆市,蘆筍,0,0,0,0,
2015,新竹市,蘆筍,0.01,0.01,5000,0.05,
2015,嘉義市,蘆筍,2.5,2.5,2800,7,
2015,金門縣,蘆筍,0,0,0,0,
2015,連江縣,蘆筍,0,0,0,0,
2015,新北市,筊白筍,149.82,149.82,4820.27766653317,722.174,
2015,台北市,筊白筍,6.66,6.66,18800.9009009009,125.214,
2015,桃園市,筊白筍,33.43,33.43,13411.7559078672,448.355,
2015,台中市,筊白筍,11.11,11.11,17391.0891089109,193.215,
2015,台南市,筊白筍,0.57,0.57,11298.2456140351,6.44,
2015,高雄市,筊白筍,0.2,0.2,15000,3,
2015,宜蘭縣,筊白筍,35.99,35.99,11371.4642956377,409.259,
2015,新竹縣,筊白筍,12.44,12.44,11044.61414791,137.395,
2015,苗栗縣,筊白筍,4.32,4.32,16761.5740740741,72.41,
2015,彰化縣,筊白筍,1.97,1.97,22038.0710659898,43.415,
2015,南投縣,筊白筍,1616.38,1616.38,23216.6105742462,37526.865,
2015,雲林縣,筊白筍,0.06,0.06,9000,0.54,
2015,嘉義縣,筊白筍,2.98,2.98,16416.1073825503,48.92,
2015,屏東縣,筊白筍,0.75,0.75,12000,9,
2015,台東縣,筊白筍,1.5,1.5,19200,28.8,
2015,花蓮縣,筊白筍,8.01,8.01,7897.00374531835,63.255,
2015,澎湖縣,筊白筍,0,0,0,0,
2015,基隆市,筊白筍,0,0,0,0,
2015,新竹市,筊白筍,2.91,2.91,11896.9072164948,34.62,
2015,嘉義市,筊白筍,0.05,0.05,9100,0.455,
2015,金門縣,筊白筍,0,0,0,0,
2015,連江縣,筊白筍,0,0,0,0,
2015,新北市,其他莖菜類,20.42,20.42,14059.6474045054,287.098,
2015,台北市,其他莖菜類,38.04,38.04,6059.38485804416,230.499,
2015,桃園市,其他莖菜類,95.44,95.44,14933.9794635373,1425.299,
2015,台中市,其他莖菜類,7.39,7.39,13971.1772665765,103.247,
2015,台南市,其他莖菜類,531.57,531.57,3327.29273661042,1768.689,
2015,高雄市,其他莖菜類,194.08,194.08,20067.4361088211,3894.688,
2015,宜蘭縣,其他莖菜類,18.8,18.8,12197.7659574468,229.318,
2015,新竹縣,其他莖菜類,11.72,11.72,13965.8703071672,163.68,
2015,苗栗縣,其他莖菜類,76.33,76.33,14532.0843704965,1109.234,
2015,彰化縣,其他莖菜類,243.72,243.72,30475.7426555063,7427.548,
2015,南投縣,其他莖菜類,10.25,10.25,12778.5365853659,130.98,
2015,雲林縣,其他莖菜類,306.68,306.68,25704.6563192905,7883.104,
2015,嘉義縣,其他莖菜類,183.22,183.22,13795.3061892806,2527.576,
2015,屏東縣,其他莖菜類,8.99,8.99,12079.3103448276,108.593,
2015,台東縣,其他莖菜類,9.3,9.3,10955.9139784946,101.89,
2015,花蓮縣,其他莖菜類,62.28,62.28,10068.1278098908,627.043,
2015,澎湖縣,其他莖菜類,8.88,8.88,9397.18468468469,83.447,
2015,基隆市,其他莖菜類,0.09,0.09,9577.77777777778,0.862,
2015,新竹市,其他莖菜類,1.72,1.72,12494.1860465116,21.49,
2015,嘉義市,其他莖菜類,2.54,2.54,14142.125984252,35.921,
2015,金門縣,其他莖菜類,0.11,0.11,24300,2.673,
2015,連江縣,其他莖菜類,0,0,0,0,
2015,新北市,甘藍,103.71,103.71,33533.5936746698,3477.769,
2015,台北市,甘藍,52.13,52.13,10119.7582965663,527.543,
2015,桃園市,甘藍,84.53,84.51,25516.8619098332,2156.43,
2015,台中市,甘藍,595.6,595.6,56005.5775688381,33356.922,
2015,台南市,甘藍,407.91,407.91,46667.948812238,19036.323,
2015,高雄市,甘藍,165.08,165.08,39344.7116549552,6495.025,
2015,宜蘭縣,甘藍,1244.76,1244.51,65544.4078392299,81570.671,
2015,新竹縣,甘藍,129.03,129.03,35652.5924203674,4600.254,
2015,苗栗縣,甘藍,123.46,123.46,33962.9920622064,4193.071,
2015,彰化縣,甘藍,992.61,992.61,40547.4164072496,40247.771,
2015,南投縣,甘藍,616.46,616.46,53180.7854524219,32783.827,
2015,雲林縣,甘藍,1794.26,1794.26,50015.4503806583,89740.722,
2015,嘉義縣,甘藍,362.7,362.7,52420.1626688723,19012.793,
2015,屏東縣,甘藍,310.04,310.04,39979.7735776029,12395.329,
2015,台東縣,甘藍,211.69,211.69,33040.6301667533,6994.371,
2015,花蓮縣,甘藍,178.43,178.43,22428.3864820938,4001.897,
2015,澎湖縣,甘藍,28.47,28.46,13898.4539704849,395.55,
2015,基隆市,甘藍,0.58,0.58,10482.7586206897,6.08,
2015,新竹市,甘藍,6.81,6.81,18775.4772393539,127.861,
2015,嘉義市,甘藍,1.8,1.8,29366.6666666667,52.86,
2015,金門縣,甘藍,5.28,5.28,27307.3863636364,144.183,
2015,連江縣,甘藍,0,0,0,0,
2015,新北市,大芥菜,55.87,55.87,16251.333452658,907.962,
2015,台北市,大芥菜,52.61,52.61,12116.06158525,637.426,
2015,桃園市,大芥菜,24.9,24.9,22523.0923694779,560.825,
2015,台中市,大芥菜,5.11,5.11,17620.156555773,90.039,
2015,台南市,大芥菜,176.72,176.72,22605.2172928927,3994.794,
2015,高雄市,大芥菜,33.25,33.25,15620.3007518797,519.375,
2015,宜蘭縣,大芥菜,5.09,5.09,17475.442043222,88.95,
2015,新竹縣,大芥菜,37.61,37.07,22312.4629080119,827.123,
2015,苗栗縣,大芥菜,39.98,39.98,29356.7533766883,1173.683,
2015,彰化縣,大芥菜,65.2,65.2,37516.3343558282,2446.065,
2015,南投縣,大芥菜,1.99,1.99,24984.9246231156,49.72,
2015,雲林縣,大芥菜,215.51,215.51,23460.6885991369,5056.013,
2015,嘉義縣,大芥菜,509.41,509.41,23261.2512514478,11849.514,
2015,屏東縣,大芥菜,1.87,1.87,15255.614973262,28.528,
2015,台東縣,大芥菜,1.3,1.3,16953.8461538462,22.04,
2015,花蓮縣,大芥菜,31.28,31.28,13531.9373401535,423.279,
2015,澎湖縣,大芥菜,2,2,8838.5,17.677,
2015,基隆市,大芥菜,1,1,9701,9.701,
2015,新竹市,大芥菜,1.7,1.7,14294.1176470588,24.3,
2015,嘉義市,大芥菜,2.32,2.32,21100,48.952,
2015,金門縣,大芥菜,0.13,0.13,21669.2307692308,2.817,
2015,連江縣,大芥菜,0,0,0,0,
2015,新北市,結球白菜,37.25,37.25,31150.2818791946,1160.348,
2015,台北市,結球白菜,54.2,54.2,14160.7933579336,767.515,
2015,桃園市,結球白菜,15.43,15.43,17860.0129617628,275.58,
2015,台中市,結球白菜,28.25,28.25,30406.017699115,858.97,
2015,台南市,結球白菜,9.47,9.47,40632.5237592397,384.79,
2015,高雄市,結球白菜,26.09,26.09,33011.6136450747,861.273,
2015,宜蘭縣,結球白菜,114.3,114.3,68783.6482939633,7861.971,
2015,新竹縣,結球白菜,26.48,26.48,28358.3836858006,750.93,
2015,苗栗縣,結球白菜,11.74,11.74,20956.5587734242,246.03,
2015,彰化縣,結球白菜,497.13,497.13,40290.3184277754,20029.526,
2015,南投縣,結球白菜,35.4,35.4,38889.5480225989,1376.69,
2015,雲林縣,結球白菜,813.91,813.91,42945.3010775147,34953.61,
2015,嘉義縣,結球白菜,81.67,81.67,43413.493326803,3545.58,
2015,屏東縣,結球白菜,65.98,65.98,36466.8081236738,2406.08,
2015,台東縣,結球白菜,28.93,28.93,29238.1956446595,845.861,
2015,花蓮縣,結球白菜,102.63,102.63,18769.2390139335,1926.287,
2015,澎湖縣,結球白菜,0,0,0,0,
2015,基隆市,結球白菜,0.01,0.01,10000,0.1,
2015,新竹市,結球白菜,1.25,1.25,12000,15,
2015,嘉義市,結球白菜,1.1,1.1,36100,39.71,
2015,金門縣,結球白菜,4.07,4.07,28279.1154791155,115.096,
2015,連江縣,結球白菜,0,0,0,0,
2015,新北市,不結球白菜,233.96,233.96,16059.0571037784,3757.177,
2015,台北市,不結球白菜,99.91,99.91,9012.53127815034,900.442,
2015,桃園市,不結球白菜,488.72,488.72,20350.5790636765,9945.735,
2015,台中市,不結球白菜,10.78,10.78,13494.1558441558,145.467,
2015,台南市,不結球白菜,185.25,185.25,16492.3832658569,3055.214,
2015,高雄市,不結球白菜,304.99,304.99,13374.5303124693,4079.098,
2015,宜蘭縣,不結球白菜,4.73,4.73,13999.3657505285,66.217,
2015,新竹縣,不結球白菜,24.56,24.56,15270.6026058632,375.046,
2015,苗栗縣,不結球白菜,47.26,47.26,15538.7854422344,734.363,
2015,彰化縣,不結球白菜,64.84,64.84,18362.2146822949,1190.606,
2015,南投縣,不結球白菜,0.4,0.4,22500,9,
2015,雲林縣,不結球白菜,2452.79,2452.79,19846.541693337,48679.399,
2015,嘉義縣,不結球白菜,9.32,9.32,13593.347639485,126.69,
2015,屏東縣,不結球白菜,46.19,46.19,12400.7793894782,572.792,
2015,台東縣,不結球白菜,6.92,6.92,12878.901734104,89.122,
2015,花蓮縣,不結球白菜,154.09,154.09,12192.1863845804,1878.694,
2015,澎湖縣,不結球白菜,36.46,36.41,7385.05904971162,268.89,
2015,基隆市,不結球白菜,0.3,0.3,9913.33333333333,2.974,
2015,新竹市,不結球白菜,1.56,1.56,10792.3076923077,16.836,
2015,嘉義市,不結球白菜,0,0,0,0,
2015,金門縣,不結球白菜,2.72,2.72,18056.6176470588,49.114,
2015,連江縣,不結球白菜,0,0,0,0,
2015,新北市,甕菜,121.89,121.89,16985.9381409468,2070.416,
2015,台北市,甕菜,51.97,51.97,11707.1002501443,608.418,
2015,桃園市,甕菜,204.85,204.85,19064.8279228704,3905.43,
2015,台中市,甕菜,124.2,124.2,15580.0805152979,1935.046,
2015,台南市,甕菜,96.57,96.57,25957.4401988195,2506.71,
2015,高雄市,甕菜,68.47,68.47,12634.0295019717,865.052,
2015,宜蘭縣,甕菜,13.1,13,21735.4615384615,282.561,
2015,新竹縣,甕菜,15.6,15.6,12618.2692307692,196.845,
2015,苗栗縣,甕菜,2.8,2.8,13284.6428571429,37.197,
2015,彰化縣,甕菜,35.52,35.52,24965.7376126126,886.783,
2015,南投縣,甕菜,30.41,30.41,16959.8487339691,515.749,
2015,雲林縣,甕菜,1057.76,1057.76,16266.2900847073,17205.831,
2015,嘉義縣,甕菜,41.1,41.1,12375.8394160584,508.647,
2015,屏東縣,甕菜,24.14,24.14,12461.1433305717,300.812,
2015,台東縣,甕菜,0.54,0.54,17537.037037037,9.47,
2015,花蓮縣,甕菜,14.79,14.79,10165.7200811359,150.351,
2015,澎湖縣,甕菜,6.42,6.42,8026.47975077882,51.53,
2015,基隆市,甕菜,0.14,0.14,10000,1.4,
2015,新竹市,甕菜,0.97,0.97,11939.175257732,11.581,
2015,嘉義市,甕菜,0,0,0,0,
2015,金門縣,甕菜,0.61,0.61,17634.4262295082,10.757,
2015,連江縣,甕菜,0,0,0,0,
2015,新北市,芹菜,23.86,23.86,13770.0754400671,328.554,
2015,台北市,芹菜,16.87,16.87,10522.6437462952,177.517,
2015,桃園市,芹菜,11.83,11.83,19517.3288250211,230.89,
2015,台中市,芹菜,0.15,0.15,14500,2.175,
2015,台南市,芹菜,11.07,11.07,26356.6395663957,291.768,
2015,高雄市,芹菜,105.71,105.71,15701.409516602,1659.796,
2015,宜蘭縣,芹菜,1.19,1.19,20861.3445378151,24.825,
2015,新竹縣,芹菜,6.65,6.65,14535.3383458647,96.66,
2015,苗栗縣,芹菜,8.18,8.18,13916.8704156479,113.84,
2015,彰化縣,芹菜,177.75,177.75,23651.5049226442,4204.055,
2015,南投縣,芹菜,0,0,0,0,
2015,雲林縣,芹菜,629.61,629.61,21450.7997014025,13505.638,
2015,嘉義縣,芹菜,3.91,3.91,17090.7928388747,66.825,
2015,屏東縣,芹菜,20.42,20.42,13167.4828599412,268.88,
2015,台東縣,芹菜,1.2,1.2,14083.3333333333,16.9,
2015,花蓮縣,芹菜,3.43,3.43,10429.1545189504,35.772,
2015,澎湖縣,芹菜,1.53,1.53,8428.1045751634,12.895,
2015,基隆市,芹菜,0.02,0.02,10000,0.2,
2015,新竹市,芹菜,1.12,1.12,11552.6785714286,12.939,
2015,嘉義市,芹菜,0,0,0,0,
2015,金門縣,芹菜,0.57,0.57,21671.9298245614,12.353,
2015,連江縣,芹菜,0,0,0,0,
2015,新北市,其他葉菜類,923.15,923.15,14595.1697990576,13473.531,
2015,台北市,其他葉菜類,326.84,326.84,8893.78595031208,2906.845,
2015,桃園市,其他葉菜類,2855.46,2855.36,18190.4901658635,51940.398,
2015,台中市,其他葉菜類,331.18,331.18,13102.3612536989,4339.24,
2015,台南市,其他葉菜類,332.6,332.6,13390.9380637402,4453.826,
2015,高雄市,其他葉菜類,719.48,719.48,12995.4189136599,9349.944,
2015,宜蘭縣,其他葉菜類,372.14,371.99,14606.5566278663,5433.493,
2015,新竹縣,其他葉菜類,204.04,204.04,13498.6228190551,2754.259,
2015,苗栗縣,其他葉菜類,294.51,294.51,13865.763471529,4083.606,
2015,彰化縣,其他葉菜類,544.81,544.81,11500.7984434941,6265.75,
2015,南投縣,其他葉菜類,318.61,318.61,16594.7302344559,5287.247,
2015,雲林縣,其他葉菜類,8974.66,8972.93,17065.5818110695,153128.271,
2015,嘉義縣,其他葉菜類,548.57,548.57,12508.5586160381,6861.82,
2015,屏東縣,其他葉菜類,693.18,692.78,14892.8491007246,10317.468,
2015,台東縣,其他葉菜類,65.01,65.01,5376.17289647746,349.505,
2015,花蓮縣,其他葉菜類,763.81,763.61,8822.9790076086,6737.315,
2015,澎湖縣,其他葉菜類,12.38,12.38,8128.67528271405,100.633,
2015,基隆市,其他葉菜類,4.42,4.42,9874.66063348416,43.646,
2015,新竹市,其他葉菜類,13.3,13.3,12272.030075188,163.218,
2015,嘉義市,其他葉菜類,1.7,1.7,10000,17,
2015,金門縣,其他葉菜類,1.47,1.47,22427.2108843537,32.968,
2015,連江縣,其他葉菜類,0,0,0,0,
2015,新北市,花椰菜,29.81,29.81,13793.9282120094,411.197,
2015,台北市,花椰菜,8.44,8.44,8914.69194312796,75.24,
2015,桃園市,花椰菜,6.36,6.36,16827.0440251572,107.02,
2015,台中市,花椰菜,8.55,8.55,17273.216374269,147.686,
2015,台南市,花椰菜,65.63,65.63,20158.0984305958,1322.976,
2015,高雄市,花椰菜,487.72,487.72,22763.8071024358,11102.364,
2015,宜蘭縣,花椰菜,4.72,4.72,15498.3050847458,73.152,
2015,新竹縣,花椰菜,14.04,14.04,16381.8376068376,230.001,
2015,苗栗縣,花椰菜,27.53,27.53,20684.889211769,569.455,
2015,彰化縣,花椰菜,1064.23,1064.23,30118.7835336346,32053.313,
2015,南投縣,花椰菜,3.7,3.7,18770.2702702703,69.45,
2015,雲林縣,花椰菜,638.51,638.51,23325.1695353244,14893.354,
2015,嘉義縣,花椰菜,868.51,868.51,22179.5615479384,19263.171,
2015,屏東縣,花椰菜,3.36,3.36,17269.6428571429,58.026,
2015,台東縣,花椰菜,16.87,16.87,27013.9300533491,455.725,
2015,花蓮縣,花椰菜,15.35,15.35,11566.5146579805,177.546,
2015,澎湖縣,花椰菜,21.05,21.05,9563.7054631829,201.316,
2015,基隆市,花椰菜,0,0,0,0,
2015,新竹市,花椰菜,2.62,2.62,11272.1374045802,29.533,
2015,嘉義市,花椰菜,0.8,0.8,24262.5,19.41,
2015,金門縣,花椰菜,2.73,2.73,19556.4102564103,53.389,
2015,連江縣,花椰菜,0,0,0,0,
2015,新北市,金針菜,9.11,9.05,993.149171270718,8.988,
2015,台北市,金針菜,0.65,0.65,669.230769230769,0.435,
2015,桃園市,金針菜,0.58,0.58,460.344827586207,0.267,
2015,台中市,金針菜,0.07,0.07,714.285714285714,0.05,
2015,台南市,金針菜,0.4,0.4,1200,0.48,
2015,高雄市,金針菜,4.91,4.91,621.384928716904,3.051,
2015,宜蘭縣,金針菜,0.12,0.12,375,0.045,
2015,新竹縣,金針菜,0.86,0.86,784.883720930232,0.675,
2015,苗栗縣,金針菜,6.18,6.18,766.019417475728,4.734,
2015,彰化縣,金針菜,0.12,0.12,600,0.072,
2015,南投縣,金針菜,24.37,24.37,793.680755026672,19.342,
2015,雲林縣,金針菜,13.87,13.87,959.913482335977,13.314,
2015,嘉義縣,金針菜,8.19,8.19,487.301587301587,3.991,
2015,屏東縣,金針菜,0,0,0,0,
2015,台東縣,金針菜,71.49,61.49,955.651325418767,58.763,
2015,花蓮縣,金針菜,511.55,445.83,515.310768678644,229.741,
2015,澎湖縣,金針菜,0,0,0,0,
2015,基隆市,金針菜,0.19,0.19,800,0.152,
2015,新竹市,金針菜,0,0,0,0,
2015,嘉義市,金針菜,0.9,0.9,1200,1.08,
2015,金門縣,金針菜,0,0,0,0,
2015,連江縣,金針菜,0,0,0,0,
2015,新北市,越瓜,0,0,0,0,
2015,台北市,越瓜,0,0,0,0,
2015,桃園市,越瓜,1.76,1.76,16647.7272727273,29.3,
2015,台中市,越瓜,4.09,4.09,13757.2127139364,56.267,
2015,台南市,越瓜,3.99,3.99,13566.4160401003,54.13,
2015,高雄市,越瓜,12.35,12.35,22550.8502024292,278.503,
2015,宜蘭縣,越瓜,0.62,0.62,14512.9032258065,8.998,
2015,新竹縣,越瓜,1.68,1.68,13428.5714285714,22.56,
2015,苗栗縣,越瓜,1.56,1.56,17525.641025641,27.34,
2015,彰化縣,越瓜,31.41,31.41,18939.8280802292,594.9,
2015,南投縣,越瓜,0.4,0.4,12150,4.86,
2015,雲林縣,越瓜,69.06,69.06,18062.7715030408,1247.415,
2015,嘉義縣,越瓜,77.92,77.92,14068.7243326489,1096.235,
2015,屏東縣,越瓜,12.27,12.27,16840.749796251,206.636,
2015,台東縣,越瓜,0,0,0,0,
2015,花蓮縣,越瓜,0.16,0.16,12662.5,2.026,
2015,澎湖縣,越瓜,8.48,8.48,6764.62264150943,57.364,
2015,基隆市,越瓜,0,0,0,0,
2015,新竹市,越瓜,1.3,1.3,13000,16.9,
2015,嘉義市,越瓜,0.9,0.9,18000,16.2,
2015,金門縣,越瓜,0,0,0,0,
2015,連江縣,越瓜,0,0,0,0,
2015,新北市,胡瓜,41.95,41.95,11435.0178784267,479.699,
2015,台北市,胡瓜,0.15,0.15,3366.66666666667,0.505,
2015,桃園市,胡瓜,5.97,5.97,14631.4907872697,87.35,
2015,台中市,胡瓜,9.6,9.6,16308.75,156.564,
2015,台南市,胡瓜,53.34,53.34,20287.8327709036,1082.153,
2015,高雄市,胡瓜,300.35,299.95,25261.1935322554,7577.095,
2015,宜蘭縣,胡瓜,11.51,11.49,15517.319408181,178.294,
2015,新竹縣,胡瓜,7.75,7.75,11927.0967741935,92.435,
2015,苗栗縣,胡瓜,94.56,94.56,17113.4306260575,1618.246,
2015,彰化縣,胡瓜,249.4,249.4,22577.9470729751,5630.94,
2015,南投縣,胡瓜,132.58,132.58,15616.2392517725,2070.401,
2015,雲林縣,胡瓜,272.59,272.26,18626.3314478807,5071.205,
2015,嘉義縣,胡瓜,109.01,109.01,17276.7544261994,1883.339,
2015,屏東縣,胡瓜,810.81,810.59,25772.2880864555,20890.759,
2015,台東縣,胡瓜,10.71,10.71,17649.8599439776,189.03,
2015,花蓮縣,胡瓜,34.02,34.02,13211.6108171664,449.459,
2015,澎湖縣,胡瓜,3.12,3.01,6369.76744186046,19.173,
2015,基隆市,胡瓜,1.03,1.03,9853.39805825243,10.149,
2015,新竹市,胡瓜,1.4,1.4,10000,14,
2015,嘉義市,胡瓜,0.5,0.5,18000,9,
2015,金門縣,胡瓜,0.65,0.65,17616.9230769231,11.451,
2015,連江縣,胡瓜,0,0,0,0,
2015,新北市,冬瓜,66.04,66.04,11971.0932768019,790.571,
2015,台北市,冬瓜,5.39,5.39,13612.8014842301,73.373,
2015,桃園市,冬瓜,11.39,11.39,16540.4741000878,188.396,
2015,台中市,冬瓜,107.18,107.18,24394.084717298,2614.558,
2015,台南市,冬瓜,8.14,8.14,19356.2653562654,157.56,
2015,高雄市,冬瓜,61.34,61.34,31622.6442777959,1939.733,
2015,宜蘭縣,冬瓜,21.1,21.05,22680.5700712589,477.426,
2015,新竹縣,冬瓜,10.15,10.15,15631.5270935961,158.66,
2015,苗栗縣,冬瓜,74.16,74.16,22636.6235167206,1678.732,
2015,彰化縣,冬瓜,188.06,188.06,29035.4142295012,5460.4,
2015,南投縣,冬瓜,0,0,0,0,
2015,雲林縣,冬瓜,44.76,44.76,22384.964253798,1001.951,
2015,嘉義縣,冬瓜,48.73,48.73,22454.3197209111,1094.199,
2015,屏東縣,冬瓜,198.03,198.03,20003.8479018331,3961.362,
2015,台東縣,冬瓜,99.22,99.22,22123.815762951,2195.125,
2015,花蓮縣,冬瓜,128.29,128.29,17286.4213890405,2217.675,
2015,澎湖縣,冬瓜,1.58,1.27,8703.93700787402,11.054,
2015,基隆市,冬瓜,0,0,0,0,
2015,新竹市,冬瓜,2.49,2.49,14115.6626506024,35.148,
2015,嘉義市,冬瓜,0.3,0.3,19500,5.85,
2015,金門縣,冬瓜,0.65,0.65,22100,14.365,
2015,連江縣,冬瓜,0,0,0,0,
2015,新北市,苦瓜,13.81,13.81,10951.339608979,151.238,
2015,台北市,苦瓜,0.19,0.19,7321.05263157895,1.391,
2015,桃園市,苦瓜,1.01,1.01,15960.396039604,16.12,
2015,台中市,苦瓜,167.44,167.44,17306.7427138079,2897.841,
2015,台南市,苦瓜,33.5,33.5,18966.6268656716,635.382,
2015,高雄市,苦瓜,139.2,139.2,18207.0617816092,2534.423,
2015,宜蘭縣,苦瓜,6.28,6.28,14839.8089171975,93.194,
2015,新竹縣,苦瓜,13.2,13.2,11951.0606060606,157.754,
2015,苗栗縣,苦瓜,62.74,62.74,15460.615237488,969.999,
2015,彰化縣,苦瓜,254.14,253.14,21374.0854862922,5410.636,
2015,南投縣,苦瓜,98.47,98.47,15829.7349446532,1558.754,
2015,雲林縣,苦瓜,30.69,30.69,13821.9941348974,424.197,
2015,嘉義縣,苦瓜,126.19,126.19,14325.9529281243,1807.792,
2015,屏東縣,苦瓜,583.62,582.62,17959.0951220349,10463.328,
2015,台東縣,苦瓜,7.22,7.22,26847.6454293629,193.84,
2015,花蓮縣,苦瓜,34.55,34.55,10711.2590448625,370.074,
2015,澎湖縣,苦瓜,1.46,1.46,6400,9.344,
2015,基隆市,苦瓜,0.05,0.05,10000,0.5,
2015,新竹市,苦瓜,0.7,0.7,9642.85714285714,6.75,
2015,嘉義市,苦瓜,3.6,3.6,18000,64.8,
2015,金門縣,苦瓜,0.27,0.27,21755.5555555556,5.874,
2015,連江縣,苦瓜,0,0,0,0,
2015,新北市,茄子,28.51,28.51,9932.93581199579,283.188,
2015,台北市,茄子,4.55,4.55,7374.28571428571,33.553,
2015,桃園市,茄子,1.33,1.33,12030.0751879699,16,
2015,台中市,茄子,15.07,15.07,12453.3510285335,187.672,
2015,台南市,茄子,9.2,9.2,15940.5434782609,146.653,
2015,高雄市,茄子,102.98,102.98,15055.7486890658,1550.441,
2015,宜蘭縣,茄子,3.05,3.05,12972.4590163934,39.566,
2015,新竹縣,茄子,8.51,8.51,11174.8531139835,95.098,
2015,苗栗縣,茄子,6.57,6.57,9949.01065449011,65.365,
2015,彰化縣,茄子,192.26,192.26,22504.1610319359,4326.65,
2015,南投縣,茄子,119.57,119.57,14263.4690975997,1705.483,
2015,雲林縣,茄子,98.71,98.71,17374.9468138993,1715.081,
2015,嘉義縣,茄子,12.12,12.12,16578.2178217822,200.928,
2015,屏東縣,茄子,566.43,566.25,26372.4609271523,14933.406,
2015,台東縣,茄子,3.13,3.13,14298.4025559105,44.754,
2015,花蓮縣,茄子,20.83,20.83,7751.17618819011,161.457,
2015,澎湖縣,茄子,0,0,0,0,
2015,基隆市,茄子,0.04,0.04,9575,0.383,
2015,新竹市,茄子,0.7,0.7,8500,5.95,
2015,嘉義市,茄子,0,0,0,0,
2015,金門縣,茄子,0.46,0.46,17106.5217391304,7.869,
2015,連江縣,茄子,0,0,0,0,
2015,新北市,菜豆,42.73,42.73,9527.38123098526,407.105,
2015,台北市,菜豆,2.1,2.1,6154.28571428571,12.924,
2015,桃園市,菜豆,2.09,2.09,14808.6124401914,30.95,
2015,台中市,菜豆,7.04,7.04,12074.8579545455,85.007,
2015,台南市,菜豆,14.81,14.81,14789.6016205267,219.034,
2015,高雄市,菜豆,174.68,174.68,12414.4721776964,2168.56,
2015,宜蘭縣,菜豆,6.04,6.04,12263.2450331126,74.07,
2015,新竹縣,菜豆,6.47,6.47,9523.95672333849,61.62,
2015,苗栗縣,菜豆,10.09,10.09,8211.29831516353,82.852,
2015,彰化縣,菜豆,120.19,120.19,12935.593643398,1554.729,
2015,南投縣,菜豆,3.31,3.31,10827.7945619335,35.84,
2015,雲林縣,菜豆,97.69,97.54,11759.3500102522,1147.007,
2015,嘉義縣,菜豆,29.83,29.83,10551.7264498827,314.758,
2015,屏東縣,菜豆,332.52,332.47,10972.827623545,3648.136,
2015,台東縣,菜豆,6.9,6.9,5489.13043478261,37.875,
2015,花蓮縣,菜豆,14.15,14.15,9051.87279151943,128.084,
2015,澎湖縣,菜豆,16.63,16.63,6706.13349368611,111.523,
2015,基隆市,菜豆,0.02,0.02,10000,0.2,
2015,新竹市,菜豆,1.1,1.1,9000,9.9,
2015,嘉義市,菜豆,0.7,0.7,15000,10.5,
2015,金門縣,菜豆,0.34,0.34,16217.6470588235,5.514,
2015,連江縣,菜豆,0,0,0,0,
2015,新北市,豌豆,2.86,2.86,9338.81118881119,26.709,
2015,台北市,豌豆,0.1,0.1,8000,0.8,
2015,桃園市,豌豆,0.07,0.07,10857.1428571429,0.76,
2015,台中市,豌豆,3.82,3.82,8561.51832460733,32.705,
2015,台南市,豌豆,0.7,0.7,7557.14285714286,5.29,
2015,高雄市,豌豆,2.3,2.3,7341.30434782609,16.885,
2015,宜蘭縣,豌豆,0,0,0,0,
2015,新竹縣,豌豆,0.75,0.75,7880,5.91,
2015,苗栗縣,豌豆,0,0,0,0,
2015,彰化縣,豌豆,411.28,411.28,8113.03734681969,3336.73,
2015,南投縣,豌豆,14.59,14.59,10125.0856751199,147.725,
2015,雲林縣,豌豆,15.09,15.09,7991.78263750828,120.596,
2015,嘉義縣,豌豆,9.6,9.6,5583.33333333333,53.6,
2015,屏東縣,豌豆,0,0,0,0,
2015,台東縣,豌豆,0.92,0.92,8218.47826086957,7.561,
2015,花蓮縣,豌豆,1.8,1.8,8702.77777777778,15.665,
2015,澎湖縣,豌豆,0,0,0,0,
2015,基隆市,豌豆,0,0,0,0,
2015,新竹市,豌豆,0,0,0,0,
2015,嘉義市,豌豆,0,0,0,0,
2015,金門縣,豌豆,0.31,0.31,7477.41935483871,2.318,
2015,連江縣,豌豆,0,0,0,0,
2015,新北市,毛豆,0,0,0,0,
2015,台北市,毛豆,0,0,0,0,
2015,桃園市,毛豆,0,0,0,0,
2015,台中市,毛豆,0.92,0.92,9556.52173913043,8.792,
2015,台南市,毛豆,104.01,104.01,7133.38140563407,741.943,
2015,高雄市,毛豆,1434.15,1434.15,10112.4582505317,14502.782,
2015,宜蘭縣,毛豆,0,0,0,0,
2015,新竹縣,毛豆,0,0,0,0,
2015,苗栗縣,毛豆,0,0,0,0,
2015,彰化縣,毛豆,125.35,125.35,7900.3909054647,990.314,
2015,南投縣,毛豆,0,0,0,0,
2015,雲林縣,毛豆,1298.65,1298.65,6919.92684711046,8986.563,
2015,嘉義縣,毛豆,617.68,617.68,9828.97293096749,6071.16,
2015,屏東縣,毛豆,4661,4661,6677.96374168633,31125.989,
2015,台東縣,毛豆,0,0,0,0,
2015,花蓮縣,毛豆,0,0,0,0,
2015,澎湖縣,毛豆,0,0,0,0,
2015,基隆市,毛豆,0,0,0,0,
2015,新竹市,毛豆,0,0,0,0,
2015,嘉義市,毛豆,0,0,0,0,
2015,金門縣,毛豆,0,0,0,0,
2015,連江縣,毛豆,0,0,0,0,
2015,新北市,番茄,0.9,0.9,10918.8888888889,9.827,
2015,台北市,番茄,21.45,21.45,17107.7855477855,366.962,
2015,桃園市,番茄,32.95,32.95,18594.9924127466,612.705,
2015,台中市,番茄,106.84,106.84,20871.2186447024,2229.881,
2015,台南市,番茄,869.3,869.3,28515.5389393765,24788.558,
2015,高雄市,番茄,827.71,827.71,26668.4503026422,22073.743,
2015,宜蘭縣,番茄,89.65,89.65,26744.9637479085,2397.686,
2015,新竹縣,番茄,48.29,48.29,21784.3031683578,1051.964,
2015,苗栗縣,番茄,250.61,250.61,23024.2049399465,5770.096,
2015,彰化縣,番茄,378.22,378.07,26521.7023302563,10027.06,
2015,南投縣,番茄,440.32,439.97,26454.4514398709,11639.165,
2015,雲林縣,番茄,548.75,548.75,26596.5047835991,14594.832,
2015,嘉義縣,番茄,937.97,937.97,21242.6676759385,19924.985,
2015,屏東縣,番茄,116.28,116.28,24941.3140694874,2900.176,
2015,台東縣,番茄,165.27,165.27,30043.5408725116,4965.296,
2015,花蓮縣,番茄,55.88,55.88,13227.7380100215,739.166,
2015,澎湖縣,番茄,10.81,10.81,9237.00277520814,99.852,
2015,基隆市,番茄,0,0,0,0,
2015,新竹市,番茄,0.39,0.39,12384.6153846154,4.83,
2015,嘉義市,番茄,4.27,4.27,18492.037470726,78.961,
2015,金門縣,番茄,0.5,0.5,24348,12.174,
2015,連江縣,番茄,0,0,0,0,
2015,新北市,番椒,1.51,1.51,8766.22516556291,13.237,
2015,台北市,番椒,8.75,8.75,10305.7142857143,90.175,
2015,桃園市,番椒,2.65,2.65,6328.30188679245,16.77,
2015,台中市,番椒,88.27,88.27,9650.2095842302,851.824,
2015,台南市,番椒,142.08,141.88,9328.7989850578,1323.57,
2015,高雄市,番椒,206.01,206.01,8833.56633173147,1819.803,
2015,宜蘭縣,番椒,3.9,3.9,9026.66666666667,35.204,
2015,新竹縣,番椒,12.66,12.66,13536.4928909953,171.372,
2015,苗栗縣,番椒,41.9,41.9,8479.0214797136,355.271,
2015,彰化縣,番椒,69.22,69.22,8714.33111817394,603.206,
2015,南投縣,番椒,427.06,427.06,15000.6626703508,6406.183,
2015,雲林縣,番椒,317.89,317.89,12725.8831671333,4045.431,
2015,嘉義縣,番椒,503.71,503.71,8417.81779198348,4240.139,
2015,屏東縣,番椒,342.25,342.25,10602.0511322133,3628.552,
2015,台東縣,番椒,81.87,81.87,7784.80517894223,637.342,
2015,花蓮縣,番椒,63.14,62.64,9350.15964240102,585.694,
2015,澎湖縣,番椒,3.23,3.23,6358.82352941176,20.539,
2015,基隆市,番椒,0.01,0.01,5000,0.05,
2015,新竹市,番椒,0,0,0,0,
2015,嘉義市,番椒,2.5,2.5,6451.2,16.128,
2015,金門縣,番椒,0.51,0.51,9437.25490196079,4.813,
2015,連江縣,番椒,0,0,0,0,
2015,新北市,洋香瓜,0.04,0.04,18200,0.728,
2015,台北市,洋香瓜,0.06,0.06,9500,0.57,
2015,桃園市,洋香瓜,36.4,36.4,18796.0164835165,684.175,
2015,台中市,洋香瓜,25.96,25.96,14178.6979969183,368.079,
2015,台南市,洋香瓜,1682.85,1682.81,12949.9515691017,21792.308,
2015,高雄市,洋香瓜,177.16,177.16,12705.8308873335,2250.965,
2015,宜蘭縣,洋香瓜,39.57,39.2,13441.2755102041,526.898,
2015,新竹縣,洋香瓜,25.47,25.47,14850.4122497055,378.24,
2015,苗栗縣,洋香瓜,1.24,1.24,9842.74193548387,12.205,
2015,彰化縣,洋香瓜,119.97,119.97,25208.8022005501,3024.3,
2015,南投縣,洋香瓜,0.2,0.2,12500,2.5,
2015,雲林縣,洋香瓜,418.61,418.61,18272.7526814935,7649.157,
2015,嘉義縣,洋香瓜,370.21,370.21,12625.4585235407,4674.071,
2015,屏東縣,洋香瓜,6.17,6.17,12884.4408427877,79.497,
2015,台東縣,洋香瓜,0,0,0,0,
2015,花蓮縣,洋香瓜,5.91,2.51,7000,17.57,
2015,澎湖縣,洋香瓜,42.52,42.39,10091.4838405284,427.778,
2015,基隆市,洋香瓜,0,0,0,0,
2015,新竹市,洋香瓜,0,0,0,0,
2015,嘉義市,洋香瓜,0,0,0,0,
2015,金門縣,洋香瓜,0,0,0,0,
2015,連江縣,洋香瓜,0,0,0,0,
2015,新北市,西瓜,52.5,52.49,14611.6784149362,766.967,
2015,台北市,西瓜,0,0,0,0,
2015,桃園市,西瓜,159.79,159.79,20542.1177795857,3282.425,
2015,台中市,西瓜,429.29,429.29,27808.1087376831,11937.743,
2015,台南市,西瓜,2204.05,2202.75,13358.4183407105,29425.256,
2015,高雄市,西瓜,695.4,695.4,14100.4055220017,9805.422,
2015,宜蘭縣,西瓜,699.69,699.53,29637.9426186154,20732.63,
2015,新竹縣,西瓜,43.77,43.77,21653.8725154215,947.79,
2015,苗栗縣,西瓜,338.31,338.31,21075.7618752032,7130.141,
2015,彰化縣,西瓜,487.11,487.11,23292.2235224077,11345.875,
2015,南投縣,西瓜,9,9,17555.5555555556,158,
2015,雲林縣,西瓜,1851.39,1851.39,21359.5579537537,39544.872,
2015,嘉義縣,西瓜,878.69,878.69,15760.1042460936,13848.246,
2015,屏東縣,西瓜,978.9,978.9,16739.9284911636,16386.716,
2015,台東縣,西瓜,123.5,123.5,25233.2226720648,3116.303,
2015,花蓮縣,西瓜,2225.57,1883.03,25770.3706260654,48526.381,
2015,澎湖縣,西瓜,50.66,49.56,8568.42211460855,424.651,
2015,基隆市,西瓜,0,0,0,0,
2015,新竹市,西瓜,1.6,1.6,16000,25.6,
2015,嘉義市,西瓜,0,0,0,0,
2015,金門縣,西瓜,3.43,3.43,17904.9562682216,61.414,
2015,連江縣,西瓜,0,0,0,0,
2015,新北市,香瓜,2.13,2.13,9957.74647887324,21.21,
2015,台北市,香瓜,0.18,0.18,7677.77777777778,1.382,
2015,桃園市,香瓜,7.72,7.72,16608.8082901554,128.22,
2015,台中市,香瓜,38.13,38.13,15400.8130081301,587.233,
2015,台南市,香瓜,174.14,174.14,12562.8689560124,2187.698,
2015,高雄市,香瓜,532.24,532.24,12076.8506688712,6427.783,
2015,宜蘭縣,香瓜,43.65,43.33,14010.7315947381,607.085,
2015,新竹縣,香瓜,6.93,6.93,10171.7171717172,70.49,
2015,苗栗縣,香瓜,35.08,35.08,6608.89395667047,231.84,
2015,彰化縣,香瓜,247.71,247.71,17990.351620847,4456.39,
2015,南投縣,香瓜,1.86,1.86,11553.7634408602,21.49,
2015,雲林縣,香瓜,456.84,456.84,16811.6605376062,7680.239,
2015,嘉義縣,香瓜,318.58,318.58,10292.9876326198,3279.14,
2015,屏東縣,香瓜,335.13,335.13,12411.6820338376,4159.527,
2015,台東縣,香瓜,0.22,0.22,10200,2.244,
2015,花蓮縣,香瓜,1.52,0.8,13625,10.9,
2015,澎湖縣,香瓜,0,0,0,0,
2015,基隆市,香瓜,0,0,0,0,
2015,新竹市,香瓜,0,0,0,0,
2015,嘉義市,香瓜,0.3,0.3,8376.66666666667,2.513,
2015,金門縣,香瓜,0.4,0.4,14700,5.88,
2015,連江縣,香瓜,0,0,0,0,
2015,新北市,草莓,0.08,0.08,5050,0.404,
2015,台北市,草莓,1.07,1.07,11555.1401869159,12.364,
2015,桃園市,草莓,1.39,1.39,6992.80575539568,9.72,
2015,台中市,草莓,5.56,5.56,12267.2661870504,68.206,
2015,台南市,草莓,6.32,6.32,12724.6835443038,80.42,
2015,高雄市,草莓,3.62,3.62,11000,39.82,
2015,宜蘭縣,草莓,0,0,0,0,
2015,新竹縣,草莓,13.25,13.25,9406.56603773585,124.637,
2015,苗栗縣,草莓,408.54,408.54,18945.3590835659,7739.937,
2015,彰化縣,草莓,0.65,0.65,4500,2.925,
2015,南投縣,草莓,10.97,10.97,9743.84685505925,106.89,
2015,雲林縣,草莓,2.13,2.13,6352.11267605634,13.53,
2015,嘉義縣,草莓,1.1,1.1,7000,7.7,
2015,屏東縣,草莓,0.25,0.25,8832,2.208,
2015,台東縣,草莓,1,1,11550,11.55,
2015,花蓮縣,草莓,3.1,3.1,9885.48387096774,30.645,
2015,澎湖縣,草莓,0,0,0,0,
2015,基隆市,草莓,0,0,0,0,
2015,新竹市,草莓,0,0,0,0,
2015,嘉義市,草莓,0,0,0,0,
2015,金門縣,草莓,0,0,0,0,
2015,連江縣,草莓,0,0,0,0,
2015,新北市,其他果菜類,289.02,289.02,10727.4929070653,3100.46,
2015,台北市,其他果菜類,82.03,82.03,8694.70925271242,713.227,
2015,桃園市,其他果菜類,29.83,29.83,14295.5078779752,426.435,
2015,台中市,其他果菜類,216.75,216.75,13326.1822376009,2888.45,
2015,台南市,其他果菜類,1522.77,1521.67,15124.9935925661,23015.249,
2015,高雄市,其他果菜類,1067.87,1066.04,13886.5436568984,14803.611,
2015,宜蘭縣,其他果菜類,131.05,131.05,14780.122090805,1936.935,
2015,新竹縣,其他果菜類,39.62,39.62,12437.7587077234,492.784,
2015,苗栗縣,其他果菜類,181.88,181.88,13632.482955795,2479.476,
2015,彰化縣,其他果菜類,561.29,558.99,19746.3765004741,11038.027,
2015,南投縣,其他果菜類,1276.27,1276.27,14923.3986538899,19046.286,
2015,雲林縣,其他果菜類,917.93,917.93,20000.4771605678,18359.038,
2015,嘉義縣,其他果菜類,1327.94,1327.94,12681.7936051328,16840.661,
2015,屏東縣,其他果菜類,1633.95,1631.32,14098.9769021406,22999.943,
2015,台東縣,其他果菜類,304.32,302.42,16727.8222339792,5058.828,
2015,花蓮縣,其他果菜類,663.42,660.92,14955.6875264782,9884.513,
2015,澎湖縣,其他果菜類,46.13,45.4,11069.3171806167,502.547,
2015,基隆市,其他果菜類,4.09,4.09,9864.54767726161,40.346,
2015,新竹市,其他果菜類,7.24,7.24,12191.2983425414,88.265,
2015,嘉義市,其他果菜類,20.23,20.23,15271.2308452793,308.937,
2015,金門縣,其他果菜類,2.9,2.9,21467.5862068966,62.256,
2015,連江縣,其他果菜類,0,0,0,0,
2014,新北市,蘿蔔,82,82,17470,1425,
2014,台北市,蘿蔔,64,64,9247,596,
2014,台中市,蘿蔔,65,65,36056,2350,
2014,台南市,蘿蔔,253,253,50428,12752,
2014,高雄市,蘿蔔,293,293,37514,10999,
2014,宜蘭縣,蘿蔔,29,29,31587,921,
2014,桃園縣,蘿蔔,33,33,17068,555,
2014,新竹縣,蘿蔔,45,45,18338,829,
2014,苗栗縣,蘿蔔,108,108,23217,2503,
2014,彰化縣,蘿蔔,399,399,38535,15359,
2014,南投縣,蘿蔔,114,114,16085,1831,
2014,雲林縣,蘿蔔,798,798,48988,39080,
2014,嘉義縣,蘿蔔,242,242,40127,9726,
2014,屏東縣,蘿蔔,48,48,16958,821,
2014,台東縣,蘿蔔,40,40,25408,1008,
2014,花蓮縣,蘿蔔,24,24,17480,415,
2014,澎湖縣,蘿蔔,6,6,9765,57,
2014,基隆市,蘿蔔,1,1,9589,8,
2014,新竹市,蘿蔔,5,5,13853,75,
2014,嘉義市,蘿蔔,-,-,-,-,
2014,金門縣,蘿蔔,1,1,25729,38,
2014,連江縣,蘿蔔,-,-,-,-,
2014,新北市,胡蘿蔔,6,6,14703,88,
2014,台北市,胡蘿蔔,12,12,12307,146,
2014,台中市,胡蘿蔔,12,12,33307,402,
2014,台南市,胡蘿蔔,652,652,64931,42311,
2014,高雄市,胡蘿蔔,1,1,33775,21,
2014,宜蘭縣,胡蘿蔔,0,0,24000,6,
2014,桃園縣,胡蘿蔔,0,0,15800,5,
2014,新竹縣,胡蘿蔔,11,11,23603,253,
2014,苗栗縣,胡蘿蔔,1,1,21538,17,
2014,彰化縣,胡蘿蔔,793,793,40182,31859,
2014,南投縣,胡蘿蔔,-,-,-,-,
2014,雲林縣,胡蘿蔔,1210,1210,45695,55310,
2014,嘉義縣,胡蘿蔔,1,1,22692,15,
2014,屏東縣,胡蘿蔔,0,0,17000,7,
2014,台東縣,胡蘿蔔,-,-,-,-,
2014,花蓮縣,胡蘿蔔,3,3,17094,45,
2014,澎湖縣,胡蘿蔔,8,8,10011,84,
2014,基隆市,胡蘿蔔,-,-,-,-,
2014,新竹市,胡蘿蔔,0,0,17833,5,
2014,嘉義市,胡蘿蔔,-,-,-,-,
2014,金門縣,胡蘿蔔,0,0,24777,9,
2014,連江縣,胡蘿蔔,-,-,-,-,
2014,新北市,其他根菜類,1,1,15000,13,
2014,台北市,其他根菜類,-,-,-,-,
2014,台中市,其他根菜類,1,1,24000,12,
2014,台南市,其他根菜類,67,67,21214,1413,
2014,高雄市,其他根菜類,131,131,18514,2417,
2014,宜蘭縣,其他根菜類,-,-,-,-,
2014,桃園縣,其他根菜類,0,0,15000,2,
2014,新竹縣,其他根菜類,1,1,12069,7,
2014,苗栗縣,其他根菜類,-,-,-,-,
2014,彰化縣,其他根菜類,6,6,20957,132,
2014,南投縣,其他根菜類,1,1,14000,20,
2014,雲林縣,其他根菜類,176,176,26871,4719,
2014,嘉義縣,其他根菜類,261,261,30764,8020,
2014,屏東縣,其他根菜類,138,138,21653,2997,
2014,台東縣,其他根菜類,-,-,-,-,
2014,花蓮縣,其他根菜類,1,1,20000,10,
2014,澎湖縣,其他根菜類,-,-,-,-,
2014,基隆市,其他根菜類,-,-,-,-,
2014,新竹市,其他根菜類,0,0,15500,2,
2014,嘉義市,其他根菜類,-,-,-,-,
2014,金門縣,其他根菜類,-,-,-,-,
2014,連江縣,其他根菜類,-,-,-,-,
2014,新北市,薑,9,9,19157,170,
2014,台北市,薑,2,2,8300,20,
2014,台中市,薑,64,64,17679,1136,
2014,台南市,薑,1,1,13143,9,
2014,高雄市,薑,20,20,22258,455,
2014,宜蘭縣,薑,44,44,37781,1678,
2014,桃園縣,薑,7,7,40000,278,
2014,新竹縣,薑,20,20,14772,294,
2014,苗栗縣,薑,88,88,25490,2231,
2014,彰化縣,薑,0,0,16000,3,
2014,南投縣,薑,217,217,36608,7950,
2014,雲林縣,薑,3,3,25000,63,
2014,嘉義縣,薑,27,27,24801,673,
2014,屏東縣,薑,5,5,17850,91,
2014,台東縣,薑,204,204,30214,6171,
2014,花蓮縣,薑,39,39,16261,639,
2014,澎湖縣,薑,-,-,-,-,
2014,基隆市,薑,-,-,-,-,
2014,新竹市,薑,-,-,-,-,
2014,嘉義市,薑,1,1,9800,5,
2014,金門縣,薑,-,-,-,-,
2014,連江縣,薑,-,-,-,-,
2014,新北市,芋,84,84,12475,1042,
2014,台北市,芋,4,4,14039,50,
2014,台中市,芋,731,731,20412,14929,
2014,台南市,芋,79,79,21676,1716,
2014,高雄市,芋,52,52,14301,740,
2014,宜蘭縣,芋,26,26,18078,462,
2014,桃園縣,芋,5,5,12498,59,
2014,新竹縣,芋,21,21,15171,323,
2014,苗栗縣,芋,590,590,18658,11004,
2014,彰化縣,芋,22,22,20689,454,
2014,南投縣,芋,29,29,14181,416,
2014,雲林縣,芋,64,64,21796,1394,
2014,嘉義縣,芋,71,71,16437,1168,
2014,屏東縣,芋,436,436,15807,6893,
2014,台東縣,芋,109,109,7520,821,
2014,花蓮縣,芋,121,121,14703,1774,
2014,澎湖縣,芋,0,0,4823,1,
2014,基隆市,芋,0,0,10143,1,
2014,新竹市,芋,7,7,13174,98,
2014,嘉義市,芋,4,4,12194,50,
2014,金門縣,芋,8,8,25244,213,
2014,連江縣,芋,-,-,-,-,
2014,新北市,馬鈴薯,-,-,-,-,
2014,台北市,馬鈴薯,-,-,-,-,
2014,台中市,馬鈴薯,522,522,22790,11890,
2014,台南市,馬鈴薯,75,75,22726,1715,
2014,高雄市,馬鈴薯,0,0,16000,2,
2014,宜蘭縣,馬鈴薯,-,-,-,-,
2014,桃園縣,馬鈴薯,-,-,-,-,
2014,新竹縣,馬鈴薯,-,-,-,-,
2014,苗栗縣,馬鈴薯,5,5,17500,88,
2014,彰化縣,馬鈴薯,16,16,22368,365,
2014,南投縣,馬鈴薯,2,2,21000,34,
2014,雲林縣,馬鈴薯,1172,1172,25715,30149,
2014,嘉義縣,馬鈴薯,495,495,24013,11890,
2014,屏東縣,馬鈴薯,-,-,-,-,
2014,台東縣,馬鈴薯,-,-,-,-,
2014,花蓮縣,馬鈴薯,0,0,18000,5,
2014,澎湖縣,馬鈴薯,-,-,-,-,
2014,基隆市,馬鈴薯,-,-,-,-,
2014,新竹市,馬鈴薯,-,-,-,-,
2014,嘉義市,馬鈴薯,8,8,15500,116,
2014,金門縣,馬鈴薯,2,2,21310,32,
2014,連江縣,馬鈴薯,-,-,-,-,
2014,新北市,蔥,95,95,12057,1150,
2014,台北市,蔥,10,10,11105,110,
2014,台中市,蔥,145,145,20372,2964,
2014,台南市,蔥,35,35,16990,599,
2014,高雄市,蔥,221,221,15130,3336,
2014,宜蘭縣,蔥,631,631,23536,14843,
2014,桃園縣,蔥,37,37,15929,591,
2014,新竹縣,蔥,49,49,17010,841,
2014,苗栗縣,蔥,57,57,15814,906,
2014,彰化縣,蔥,1685,1685,26081,43959,
2014,南投縣,蔥,17,17,13180,230,
2014,雲林縣,蔥,1509,1509,21810,32921,
2014,嘉義縣,蔥,73,73,17339,1266,
2014,屏東縣,蔥,57,57,16475,947,
2014,台東縣,蔥,16,16,15263,249,
2014,花蓮縣,蔥,33,33,11930,391,
2014,澎湖縣,蔥,25,25,7834,197,
2014,基隆市,蔥,1,1,9785,6,
2014,新竹市,蔥,6,6,16690,92,
2014,嘉義市,蔥,1,1,32154,21,
2014,金門縣,蔥,2,2,18420,28,
2014,連江縣,蔥,-,-,-,-,
2014,新北市,蔥頭,-,-,-,-,
2014,台北市,蔥頭,-,-,-,-,
2014,台中市,蔥頭,-,-,-,-,
2014,台南市,蔥頭,1570,1570,11834,18575,
2014,高雄市,蔥頭,0,0,8000,0,
2014,宜蘭縣,蔥頭,-,-,-,-,
2014,桃園縣,蔥頭,-,-,-,-,
2014,新竹縣,蔥頭,0,0,7182,2,
2014,苗栗縣,蔥頭,-,-,-,-,
2014,彰化縣,蔥頭,-,-,-,-,
2014,南投縣,蔥頭,-,-,-,-,
2014,雲林縣,蔥頭,31,31,11278,351,
2014,嘉義縣,蔥頭,85,85,10815,920,
2014,屏東縣,蔥頭,-,-,-,-,
2014,台東縣,蔥頭,1,1,10000,5,
2014,花蓮縣,蔥頭,-,-,-,-,
2014,澎湖縣,蔥頭,-,-,-,-,
2014,基隆市,蔥頭,-,-,-,-,
2014,新竹市,蔥頭,-,-,-,-,
2014,嘉義市,蔥頭,-,-,-,-,
2014,金門縣,蔥頭,-,-,-,-,
2014,連江縣,蔥頭,-,-,-,-,
2014,新北市,洋蔥,-,-,-,-,
2014,台北市,洋蔥,-,-,-,-,
2014,台中市,洋蔥,-,-,-,-,
2014,台南市,洋蔥,12,12,42108,504,
2014,高雄市,洋蔥,55,55,49968,2738,
2014,宜蘭縣,洋蔥,-,-,-,-,
2014,桃園縣,洋蔥,-,-,-,-,
2014,新竹縣,洋蔥,-,-,-,-,
2014,苗栗縣,洋蔥,-,-,-,-,
2014,彰化縣,洋蔥,299,299,52198,15595,
2014,南投縣,洋蔥,-,-,-,-,
2014,雲林縣,洋蔥,171,171,36352,6223,
2014,嘉義縣,洋蔥,81,81,52380,4256,
2014,屏東縣,洋蔥,534,534,62692,33490,
2014,台東縣,洋蔥,35,35,43000,1486,
2014,花蓮縣,洋蔥,1,1,36000,32,
2014,澎湖縣,洋蔥,-,-,-,-,
2014,基隆市,洋蔥,-,-,-,-,
2014,新竹市,洋蔥,-,-,-,-,
2014,嘉義市,洋蔥,-,-,-,-,
2014,金門縣,洋蔥,-,-,-,-,
2014,連江縣,洋蔥,-,-,-,-,
2014,新北市,韭菜,29,29,13020,377,
2014,台北市,韭菜,0,0,4500,0,
2014,台中市,韭菜,18,18,15576,276,
2014,台南市,韭菜,1,1,10182,11,
2014,高雄市,韭菜,7,7,20155,148,
2014,宜蘭縣,韭菜,37,37,16491,617,
2014,桃園縣,韭菜,85,85,48509,4143,
2014,新竹縣,韭菜,12,12,13740,159,
2014,苗栗縣,韭菜,2,2,16296,40,
2014,彰化縣,韭菜,687,687,51396,35284,
2014,南投縣,韭菜,1,1,17692,23,
2014,雲林縣,韭菜,0,0,18671,8,
2014,嘉義縣,韭菜,0,0,10000,4,
2014,屏東縣,韭菜,13,13,11833,151,
2014,台東縣,韭菜,3,3,18222,60,
2014,花蓮縣,韭菜,69,69,16185,1116,
2014,澎湖縣,韭菜,-,-,-,-,
2014,基隆市,韭菜,1,1,9724,6,
2014,新竹市,韭菜,1,1,12500,6,
2014,嘉義市,韭菜,-,-,-,-,
2014,金門縣,韭菜,-,-,-,-,
2014,連江縣,韭菜,-,-,-,-,
2014,新北市,蒜,25,25,12874,317,
2014,台北市,蒜,1,1,1150,1,
2014,台中市,蒜,10,10,14947,156,
2014,台南市,蒜,0,0,17739,4,
2014,高雄市,蒜,4,4,17781,65,
2014,宜蘭縣,蒜,149,149,21087,3145,
2014,桃園縣,蒜,3,3,14238,37,
2014,新竹縣,蒜,9,9,15966,147,
2014,苗栗縣,蒜,19,19,14486,270,
2014,彰化縣,蒜,120,120,14239,1707,
2014,南投縣,蒜,138,138,13639,1878,
2014,雲林縣,蒜,252,252,23657,5972,
2014,嘉義縣,蒜,17,17,17832,297,
2014,屏東縣,蒜,0,0,17000,2,
2014,台東縣,蒜,1,1,21861,30,
2014,花蓮縣,蒜,8,8,10551,83,
2014,澎湖縣,蒜,3,3,10725,29,
2014,基隆市,蒜,-,-,-,-,
2014,新竹市,蒜,1,1,14000,8,
2014,嘉義市,蒜,-,-,-,-,
2014,金門縣,蒜,1,1,19194,21,
2014,連江縣,蒜,-,-,-,-,
2014,新北市,蒜頭,-,-,-,-,
2014,台北市,蒜頭,-,-,-,-,
2014,台中市,蒜頭,0,0,5731,1,
2014,台南市,蒜頭,320,320,9301,2978,
2014,高雄市,蒜頭,0,0,7000,0,
2014,宜蘭縣,蒜頭,0,0,5800,1,
2014,桃園縣,蒜頭,-,-,-,-,
2014,新竹縣,蒜頭,0,0,6000,0,
2014,苗栗縣,蒜頭,-,-,-,-,
2014,彰化縣,蒜頭,204,204,9234,1883,
2014,南投縣,蒜頭,-,-,-,-,
2014,雲林縣,蒜頭,4642,4642,11709,54350,
2014,嘉義縣,蒜頭,26,26,10089,263,
2014,屏東縣,蒜頭,-,-,-,-,
2014,台東縣,蒜頭,2,2,6783,16,
2014,花蓮縣,蒜頭,0,0,5000,1,
2014,澎湖縣,蒜頭,-,-,-,-,
2014,基隆市,蒜頭,-,-,-,-,
2014,新竹市,蒜頭,-,-,-,-,
2014,嘉義市,蒜頭,-,-,-,-,
2014,金門縣,蒜頭,1,1,5584,4,
2014,連江縣,蒜頭,-,-,-,-,
2014,新北市,荸薺,-,-,-,-,
2014,台北市,荸薺,-,-,-,-,
2014,台中市,荸薺,-,-,-,-,
2014,台南市,荸薺,3,3,21240,55,
2014,高雄市,荸薺,-,-,-,-,
2014,宜蘭縣,荸薺,-,-,-,-,
2014,桃園縣,荸薺,-,-,-,-,
2014,新竹縣,荸薺,-,-,-,-,
2014,苗栗縣,荸薺,-,-,-,-,
2014,彰化縣,荸薺,2,2,19896,38,
2014,南投縣,荸薺,-,-,-,-,
2014,雲林縣,荸薺,-,-,-,-,
2014,嘉義縣,荸薺,5,5,16460,87,
2014,屏東縣,荸薺,-,-,-,-,
2014,台東縣,荸薺,-,-,-,-,
2014,花蓮縣,荸薺,-,-,-,-,
2014,澎湖縣,荸薺,-,-,-,-,
2014,基隆市,荸薺,-,-,-,-,
2014,新竹市,荸薺,-,-,-,-,
2014,嘉義市,荸薺,-,-,-,-,
2014,金門縣,荸薺,-,-,-,-,
2014,連江縣,荸薺,-,-,-,-,
2014,新北市,竹筍,3133,3116,5111,15928,
2014,台北市,竹筍,887,887,3960,3514,
2014,台中市,竹筍,939,933,12393,11562,
2014,台南市,竹筍,3800,3789,10366,39273,
2014,高雄市,竹筍,1726,1722,12269,21124,
2014,宜蘭縣,竹筍,247,247,12958,3201,
2014,桃園縣,竹筍,948,948,5808,5504,
2014,新竹縣,竹筍,406,406,6862,2787,
2014,苗栗縣,竹筍,1168,1167,10315,12037,
2014,彰化縣,竹筍,347,345,15898,5477,
2014,南投縣,竹筍,2314,2314,9722,22501,
2014,雲林縣,竹筍,3961,3959,22111,87548,
2014,嘉義縣,竹筍,4817,4817,6937,33413,
2014,屏東縣,竹筍,443,442,12674,5608,
2014,台東縣,竹筍,238,238,6356,1515,
2014,花蓮縣,竹筍,691,691,6019,4158,
2014,澎湖縣,竹筍,-,-,-,-,
2014,基隆市,竹筍,139,139,4929,683,
2014,新竹市,竹筍,26,26,5927,153,
2014,嘉義市,竹筍,92,92,13234,1213,
2014,金門縣,竹筍,-,-,-,-,
2014,連江縣,竹筍,-,-,-,-,
2014,新北市,蘆筍,1,1,3209,2,
2014,台北市,蘆筍,-,-,-,-,
2014,台中市,蘆筍,3,3,6358,21,
2014,台南市,蘆筍,112,112,6483,724,
2014,高雄市,蘆筍,10,9,6475,59,
2014,宜蘭縣,蘆筍,0,0,4500,0,
2014,桃園縣,蘆筍,-,-,-,-,
2014,新竹縣,蘆筍,0,0,8000,1,
2014,苗栗縣,蘆筍,1,1,3164,2,
2014,彰化縣,蘆筍,299,299,5501,1645,
2014,南投縣,蘆筍,5,5,6809,36,
2014,雲林縣,蘆筍,37,37,5799,215,
2014,嘉義縣,蘆筍,84,84,4738,398,
2014,屏東縣,蘆筍,19,19,5914,114,
2014,台東縣,蘆筍,2,2,2965,5,
2014,花蓮縣,蘆筍,4,3,4482,14,
2014,澎湖縣,蘆筍,-,-,-,-,
2014,基隆市,蘆筍,-,-,-,-,
2014,新竹市,蘆筍,-,-,-,-,
2014,嘉義市,蘆筍,2,2,3300,6,
2014,金門縣,蘆筍,-,-,-,-,
2014,連江縣,蘆筍,-,-,-,-,
2014,新北市,茭白筍,153,153,8528,1306,
2014,台北市,茭白筍,7,7,18608,126,
2014,台中市,茭白筍,19,19,17294,329,
2014,台南市,茭白筍,0,0,9000,0,
2014,高雄市,茭白筍,0,0,15000,3,
2014,宜蘭縣,茭白筍,28,28,17674,496,
2014,桃園縣,茭白筍,45,45,13946,628,
2014,新竹縣,茭白筍,21,21,10695,228,
2014,苗栗縣,茭白筍,3,3,16662,46,
2014,彰化縣,茭白筍,3,3,22467,59,
2014,南投縣,茭白筍,1684,1684,23171,39030,
2014,雲林縣,茭白筍,1,1,9146,6,
2014,嘉義縣,茭白筍,2,2,8263,16,
2014,屏東縣,茭白筍,1,1,12008,7,
2014,台東縣,茭白筍,1,1,16425,17,
2014,花蓮縣,茭白筍,8,8,9517,77,
2014,澎湖縣,茭白筍,-,-,-,-,
2014,基隆市,茭白筍,-,-,-,-,
2014,新竹市,茭白筍,3,3,12634,42,
2014,嘉義市,茭白筍,-,-,-,-,
2014,金門縣,茭白筍,-,-,-,-,
2014,連江縣,茭白筍,-,-,-,-,
2014,新北市,其他莖菜類,23,23,12935,302,
2014,台北市,其他莖菜類,37,37,6224,232,
2014,台中市,其他莖菜類,12,12,15004,179,
2014,台南市,其他莖菜類,480,480,3591,1723,
2014,高雄市,其他莖菜類,88,88,18113,1586,
2014,宜蘭縣,其他莖菜類,20,20,14792,296,
2014,桃園縣,其他莖菜類,124,124,13841,1723,
2014,新竹縣,其他莖菜類,17,17,13653,234,
2014,苗栗縣,其他莖菜類,59,59,11712,685,
2014,彰化縣,其他莖菜類,377,377,29719,11199,
2014,南投縣,其他莖菜類,25,25,10845,273,
2014,雲林縣,其他莖菜類,328,328,23514,7702,
2014,嘉義縣,其他莖菜類,206,206,13941,2876,
2014,屏東縣,其他莖菜類,8,8,11841,99,
2014,台東縣,其他莖菜類,4,4,19031,68,
2014,花蓮縣,其他莖菜類,51,51,10895,555,
2014,澎湖縣,其他莖菜類,9,9,9057,77,
2014,基隆市,其他莖菜類,0,0,9500,2,
2014,新竹市,其他莖菜類,2,2,13671,27,
2014,嘉義市,其他莖菜類,13,13,18380,238,
2014,金門縣,其他莖菜類,0,0,24100,2,
2014,連江縣,其他莖菜類,-,-,-,-,
2014,新北市,甘藍,100,100,19723,1976,
2014,台北市,甘藍,53,53,10079,532,
2014,台中市,甘藍,573,573,55482,31806,
2014,台南市,甘藍,369,369,45864,16925,
2014,高雄市,甘藍,179,179,38191,6836,
2014,宜蘭縣,甘藍,1141,1141,66267,75581,
2014,桃園縣,甘藍,101,101,24732,2488,
2014,新竹縣,甘藍,155,155,31758,4933,
2014,苗栗縣,甘藍,107,107,35104,3765,
2014,彰化縣,甘藍,1293,1293,41192,53266,
2014,南投縣,甘藍,605,605,51754,31293,
2014,雲林縣,甘藍,2043,2043,49254,100634,
2014,嘉義縣,甘藍,385,385,51777,19918,
2014,屏東縣,甘藍,383,383,40004,15305,
2014,台東縣,甘藍,212,212,32682,6924,
2014,花蓮縣,甘藍,153,153,23348,3575,
2014,澎湖縣,甘藍,29,29,14203,410,
2014,基隆市,甘藍,0,0,10413,4,
2014,新竹市,甘藍,7,7,17451,125,
2014,嘉義市,甘藍,1,1,16000,8,
2014,金門縣,甘藍,4,4,27210,114,
2014,連江縣,甘藍,-,-,-,-,
2014,新北市,大芥菜,67,67,15771,1053,
2014,台北市,大芥菜,57,57,12090,691,
2014,台中市,大芥菜,3,3,18140,48,
2014,台南市,大芥菜,168,168,40965,6862,
2014,高雄市,大芥菜,33,33,16530,546,
2014,宜蘭縣,大芥菜,8,8,18513,157,
2014,桃園縣,大芥菜,34,34,24468,841,
2014,新竹縣,大芥菜,37,37,18908,700,
2014,苗栗縣,大芥菜,53,53,27660,1474,
2014,彰化縣,大芥菜,82,82,36482,2974,
2014,南投縣,大芥菜,3,3,18259,49,
2014,雲林縣,大芥菜,308,308,23354,7185,
2014,嘉義縣,大芥菜,816,816,21418,17474,
2014,屏東縣,大芥菜,2,2,13628,23,
2014,台東縣,大芥菜,3,3,18459,49,
2014,花蓮縣,大芥菜,37,37,13575,500,
2014,澎湖縣,大芥菜,2,2,8843,18,
2014,基隆市,大芥菜,1,1,10014,7,
2014,新竹市,大芥菜,2,2,14257,25,
2014,嘉義市,大芥菜,-,-,-,-,
2014,金門縣,大芥菜,0,0,21590,6,
2014,連江縣,大芥菜,-,-,-,-,
2014,新北市,結球白菜,35,35,17244,606,
2014,台北市,結球白菜,57,57,13689,785,
2014,台中市,結球白菜,26,26,30392,803,
2014,台南市,結球白菜,10,10,40627,396,
2014,高雄市,結球白菜,17,17,34083,595,
2014,宜蘭縣,結球白菜,137,137,61968,8496,
2014,桃園縣,結球白菜,8,8,17617,146,
2014,新竹縣,結球白菜,30,30,24397,731,
2014,苗栗縣,結球白菜,17,17,26395,440,
2014,彰化縣,結球白菜,518,518,40167,20818,
2014,南投縣,結球白菜,24,24,40913,968,
2014,雲林縣,結球白菜,910,910,42675,38828,
2014,嘉義縣,結球白菜,66,66,41382,2736,
2014,屏東縣,結球白菜,75,75,36387,2742,
2014,台東縣,結球白菜,29,29,29720,868,
2014,花蓮縣,結球白菜,49,49,21117,1041,
2014,澎湖縣,結球白菜,-,-,-,-,
2014,基隆市,結球白菜,0,0,10000,0,
2014,新竹市,結球白菜,1,1,12000,15,
2014,嘉義市,結球白菜,-,-,-,-,
2014,金門縣,結球白菜,2,2,28235,69,
2014,連江縣,結球白菜,-,-,-,-,
2014,新北市,不結球白菜,243,243,15061,3662,
2014,台北市,不結球白菜,107,107,9208,989,
2014,台中市,不結球白菜,12,12,13450,164,
2014,台南市,不結球白菜,182,182,15171,2760,
2014,高雄市,不結球白菜,340,340,12946,4404,
2014,宜蘭縣,不結球白菜,9,9,11125,95,
2014,桃園縣,不結球白菜,455,455,19655,8941,
2014,新竹縣,不結球白菜,20,20,14831,294,
2014,苗栗縣,不結球白菜,54,54,13648,741,
2014,彰化縣,不結球白菜,90,90,18976,1707,
2014,南投縣,不結球白菜,2,2,11194,18,
2014,雲林縣,不結球白菜,2486,2486,20822,51773,
2014,嘉義縣,不結球白菜,42,42,13323,566,
2014,屏東縣,不結球白菜,49,49,12336,606,
2014,台東縣,不結球白菜,7,7,13021,92,
2014,花蓮縣,不結球白菜,61,61,12381,750,
2014,澎湖縣,不結球白菜,37,37,7312,272,
2014,基隆市,不結球白菜,0,0,10100,3,
2014,新竹市,不結球白菜,1,1,10984,15,
2014,嘉義市,不結球白菜,-,-,-,-,
2014,金門縣,不結球白菜,4,4,17991,66,
2014,連江縣,不結球白菜,-,-,-,-,
2014,新北市,甕菜,123,123,15223,1865,
2014,台北市,甕菜,55,55,11485,636,
2014,台中市,甕菜,133,132,15809,2091,
2014,台南市,甕菜,78,78,24906,1942,
2014,高雄市,甕菜,73,73,12989,948,
2014,宜蘭縣,甕菜,20,20,35111,716,
2014,桃園縣,甕菜,177,177,18984,3359,
2014,新竹縣,甕菜,11,11,12552,140,
2014,苗栗縣,甕菜,7,7,14453,103,
2014,彰化縣,甕菜,36,36,30282,1092,
2014,南投縣,甕菜,20,20,18786,376,
2014,雲林縣,甕菜,812,812,17074,13858,
2014,嘉義縣,甕菜,51,51,12670,650,
2014,屏東縣,甕菜,40,40,12407,500,
2014,台東縣,甕菜,1,1,14340,14,
2014,花蓮縣,甕菜,11,11,10521,113,
2014,澎湖縣,甕菜,6,6,7964,49,
2014,基隆市,甕菜,0,0,9721,2,
2014,新竹市,甕菜,1,1,12792,17,
2014,嘉義市,甕菜,-,-,-,-,
2014,金門縣,甕菜,1,1,17539,12,
2014,連江縣,甕菜,-,-,-,-,
2014,新北市,芹菜,27,27,12949,352,
2014,台北市,芹菜,19,19,10420,196,
2014,台中市,芹菜,0,0,17113,5,
2014,台南市,芹菜,11,11,25150,275,
2014,高雄市,芹菜,112,112,16108,1800,
2014,宜蘭縣,芹菜,1,1,21230,26,
2014,桃園縣,芹菜,18,18,19802,361,
2014,新竹縣,芹菜,10,10,12630,131,
2014,苗栗縣,芹菜,8,8,13349,109,
2014,彰化縣,芹菜,166,166,25564,4252,
2014,南投縣,芹菜,-,-,-,-,
2014,雲林縣,芹菜,563,563,21949,12353,
2014,嘉義縣,芹菜,3,3,13925,39,
2014,屏東縣,芹菜,23,23,13080,306,
2014,台東縣,芹菜,0,0,11240,3,
2014,花蓮縣,芹菜,4,4,10893,40,
2014,澎湖縣,芹菜,2,2,8497,13,
2014,基隆市,芹菜,0,0,9000,1,
2014,新竹市,芹菜,1,1,12383,17,
2014,嘉義市,芹菜,-,-,-,-,
2014,金門縣,芹菜,0,0,21733,11,
2014,連江縣,芹菜,-,-,-,-,
2014,新北市,其他葉菜類,975,975,14149,13794,
2014,台北市,其他葉菜類,330,330,9509,3134,
2014,台中市,其他葉菜類,305,304,13312,4040,
2014,台南市,其他葉菜類,331,331,13774,4552,
2014,高雄市,其他葉菜類,858,858,13885,11914,
2014,宜蘭縣,其他葉菜類,329,329,15063,4950,
2014,桃園縣,其他葉菜類,2839,2839,17141,48655,
2014,新竹縣,其他葉菜類,229,229,13659,3122,
2014,苗栗縣,其他葉菜類,347,347,13502,4683,
2014,彰化縣,其他葉菜類,492,492,12542,6165,
2014,南投縣,其他葉菜類,315,315,15543,4893,
2014,雲林縣,其他葉菜類,8011,8011,17360,139080,
2014,嘉義縣,其他葉菜類,532,532,12496,6645,
2014,屏東縣,其他葉菜類,696,696,16410,11416,
2014,台東縣,其他葉菜類,70,70,6146,430,
2014,花蓮縣,其他葉菜類,695,695,7716,5365,
2014,澎湖縣,其他葉菜類,13,13,7888,100,
2014,基隆市,其他葉菜類,4,4,10350,43,
2014,新竹市,其他葉菜類,14,14,12200,168,
2014,嘉義市,其他葉菜類,1,1,11066,14,
2014,金門縣,其他葉菜類,1,1,19892,25,
2014,連江縣,其他葉菜類,-,-,-,-,
2014,新北市,花椰菜,28,28,12836,361,
2014,台北市,花椰菜,9,9,8966,81,
2014,台中市,花椰菜,5,5,17440,88,
2014,台南市,花椰菜,66,66,19918,1305,
2014,高雄市,花椰菜,512,512,24570,12581,
2014,宜蘭縣,花椰菜,3,3,15666,54,
2014,桃園縣,花椰菜,11,11,15193,167,
2014,新竹縣,花椰菜,16,16,16020,256,
2014,苗栗縣,花椰菜,47,47,21464,1006,
2014,彰化縣,花椰菜,1135,1135,29593,33591,
2014,南投縣,花椰菜,5,5,19673,96,
2014,雲林縣,花椰菜,629,629,24328,15304,
2014,嘉義縣,花椰菜,756,756,18406,13923,
2014,屏東縣,花椰菜,2,2,17354,27,
2014,台東縣,花椰菜,8,8,21991,184,
2014,花蓮縣,花椰菜,13,13,12285,154,
2014,澎湖縣,花椰菜,21,21,9764,207,
2014,基隆市,花椰菜,0,0,10000,0,
2014,新竹市,花椰菜,3,3,12350,34,
2014,嘉義市,花椰菜,-,-,-,-,
2014,金門縣,花椰菜,2,2,19564,32,
2014,連江縣,花椰菜,-,-,-,-,
2014,新北市,金針菜,9,9,976,9,
2014,台北市,金針菜,1,1,657,0,
2014,台中市,金針菜,0,0,700,0,
2014,台南市,金針菜,1,1,1067,1,
2014,高雄市,金針菜,5,5,631,3,
2014,宜蘭縣,金針菜,0,0,500,0,
2014,桃園縣,金針菜,0,0,140,0,
2014,新竹縣,金針菜,1,1,757,1,
2014,苗栗縣,金針菜,7,7,1008,7,
2014,彰化縣,金針菜,0,0,600,0,
2014,南投縣,金針菜,25,25,800,20,
2014,雲林縣,金針菜,10,10,992,10,
2014,嘉義縣,金針菜,3,3,540,1,
2014,屏東縣,金針菜,-,-,-,-,
2014,台東縣,金針菜,76,64,959,62,
2014,花蓮縣,金針菜,502,434,497,216,
2014,澎湖縣,金針菜,-,-,-,-,
2014,基隆市,金針菜,0,0,794,0,
2014,新竹市,金針菜,-,-,-,-,
2014,嘉義市,金針菜,1,1,950,1,
2014,金門縣,金針菜,-,-,-,-,
2014,連江縣,金針菜,-,-,-,-,
2014,新北市,越瓜,-,-,-,-,
2014,台北市,越瓜,0,0,7956,1,
2014,台中市,越瓜,3,3,11608,39,
2014,台南市,越瓜,2,2,16260,28,
2014,高雄市,越瓜,10,10,21893,209,
2014,宜蘭縣,越瓜,1,1,15153,15,
2014,桃園縣,越瓜,1,1,13000,13,
2014,新竹縣,越瓜,5,5,14772,78,
2014,苗栗縣,越瓜,3,3,21947,74,
2014,彰化縣,越瓜,25,25,20642,514,
2014,南投縣,越瓜,-,-,-,-,
2014,雲林縣,越瓜,54,54,18809,1008,
2014,嘉義縣,越瓜,105,105,14992,1567,
2014,屏東縣,越瓜,16,16,17525,285,
2014,台東縣,越瓜,-,-,-,-,
2014,花蓮縣,越瓜,1,1,12800,12,
2014,澎湖縣,越瓜,9,9,7089,65,
2014,基隆市,越瓜,-,-,-,-,
2014,新竹市,越瓜,2,2,13000,20,
2014,嘉義市,越瓜,0,0,6500,3,
2014,金門縣,越瓜,-,-,-,-,
2014,連江縣,越瓜,-,-,-,-,
2014,新北市,胡瓜,43,43,11159,482,
2014,台北市,胡瓜,0,0,3267,0,
2014,台中市,胡瓜,7,7,17497,118,
2014,台南市,胡瓜,53,53,20382,1088,
2014,高雄市,胡瓜,322,322,26741,8604,
2014,宜蘭縣,胡瓜,16,16,16477,262,
2014,桃園縣,胡瓜,9,9,15779,145,
2014,新竹縣,胡瓜,10,10,12216,120,
2014,苗栗縣,胡瓜,104,104,19811,2052,
2014,彰化縣,胡瓜,223,223,25835,5767,
2014,南投縣,胡瓜,116,116,15683,1815,
2014,雲林縣,胡瓜,203,203,18725,3803,
2014,嘉義縣,胡瓜,109,109,19122,2090,
2014,屏東縣,胡瓜,796,796,24599,19591,
2014,台東縣,胡瓜,16,16,18022,287,
2014,花蓮縣,胡瓜,38,38,12954,494,
2014,澎湖縣,胡瓜,3,3,6316,19,
2014,基隆市,胡瓜,1,1,9384,12,
2014,新竹市,胡瓜,2,2,10000,16,
2014,嘉義市,胡瓜,1,1,6500,3,
2014,金門縣,胡瓜,1,1,17616,9,
2014,連江縣,胡瓜,-,-,-,-,
2014,新北市,冬瓜,59,59,11400,671,
2014,台北市,冬瓜,5,5,14742,70,
2014,台中市,冬瓜,115,115,26876,3081,
2014,台南市,冬瓜,6,6,20684,127,
2014,高雄市,冬瓜,52,52,32479,1694,
2014,宜蘭縣,冬瓜,21,21,21936,455,
2014,桃園縣,冬瓜,22,22,15685,343,
2014,新竹縣,冬瓜,11,11,15957,171,
2014,苗栗縣,冬瓜,61,61,24334,1495,
2014,彰化縣,冬瓜,248,248,31869,7902,
2014,南投縣,冬瓜,1,1,19049,12,
2014,雲林縣,冬瓜,52,52,22395,1165,
2014,嘉義縣,冬瓜,49,49,23678,1160,
2014,屏東縣,冬瓜,202,202,20581,4157,
2014,台東縣,冬瓜,101,101,20622,2083,
2014,花蓮縣,冬瓜,211,211,17003,3582,
2014,澎湖縣,冬瓜,1,1,8579,8,
2014,基隆市,冬瓜,-,-,-,-,
2014,新竹市,冬瓜,2,2,14016,34,
2014,嘉義市,冬瓜,1,1,24000,12,
2014,金門縣,冬瓜,0,0,21989,6,
2014,連江縣,冬瓜,-,-,-,-,
2014,新北市,苦瓜,14,14,11334,156,
2014,台北市,苦瓜,0,0,6912,1,
2014,台中市,苦瓜,161,161,18315,2952,
2014,台南市,苦瓜,30,30,20102,608,
2014,高雄市,苦瓜,99,99,18681,1851,
2014,宜蘭縣,苦瓜,3,3,18195,47,
2014,桃園縣,苦瓜,2,2,14143,22,
2014,新竹縣,苦瓜,14,14,11870,160,
2014,苗栗縣,苦瓜,72,72,16161,1170,
2014,彰化縣,苦瓜,220,220,23458,5163,
2014,南投縣,苦瓜,89,89,16499,1463,
2014,雲林縣,苦瓜,21,21,16453,347,
2014,嘉義縣,苦瓜,116,116,15489,1802,
2014,屏東縣,苦瓜,609,608,18618,11325,
2014,台東縣,苦瓜,8,8,26839,227,
2014,花蓮縣,苦瓜,29,29,11973,342,
2014,澎湖縣,苦瓜,1,1,6200,9,
2014,基隆市,苦瓜,0,0,9706,2,
2014,新竹市,苦瓜,0,0,5000,1,
2014,嘉義市,苦瓜,3,3,7000,19,
2014,金門縣,苦瓜,0,0,16335,3,
2014,連江縣,苦瓜,-,-,-,-,
2014,新北市,茄子,27,27,9908,265,
2014,台北市,茄子,6,6,7375,42,
2014,台中市,茄子,6,6,13233,77,
2014,台南市,茄子,6,6,15952,89,
2014,高雄市,茄子,116,116,16026,1863,
2014,宜蘭縣,茄子,1,1,13607,17,
2014,桃園縣,茄子,1,1,12195,13,
2014,新竹縣,茄子,9,9,11296,103,
2014,苗栗縣,茄子,9,9,10199,87,
2014,彰化縣,茄子,177,177,22873,4046,
2014,南投縣,茄子,133,131,14397,1893,
2014,雲林縣,茄子,99,99,17946,1784,
2014,嘉義縣,茄子,14,14,17148,237,
2014,屏東縣,茄子,675,675,23399,15791,
2014,台東縣,茄子,3,3,14835,43,
2014,花蓮縣,茄子,21,21,8616,183,
2014,澎湖縣,茄子,-,-,-,-,
2014,基隆市,茄子,0,0,9975,2,
2014,新竹市,茄子,1,1,9000,6,
2014,嘉義市,茄子,-,-,-,-,
2014,金門縣,茄子,0,0,17391,2,
2014,連江縣,茄子,-,-,-,-,
2014,新北市,菜豆,41,41,9388,385,
2014,台北市,菜豆,2,2,6145,13,
2014,台中市,菜豆,2,2,12480,25,
2014,台南市,菜豆,15,15,14494,211,
2014,高雄市,菜豆,135,135,13288,1796,
2014,宜蘭縣,菜豆,6,6,18165,108,
2014,桃園縣,菜豆,1,1,15605,23,
2014,新竹縣,菜豆,6,6,9789,59,
2014,苗栗縣,菜豆,6,6,8383,51,
2014,彰化縣,菜豆,89,89,15202,1358,
2014,南投縣,菜豆,2,2,11884,25,
2014,雲林縣,菜豆,88,88,11937,1053,
2014,嘉義縣,菜豆,47,47,10406,494,
2014,屏東縣,菜豆,341,340,11780,4002,
2014,台東縣,菜豆,8,8,6331,52,
2014,花蓮縣,菜豆,17,17,9772,167,
2014,澎湖縣,菜豆,17,17,6840,114,
2014,基隆市,菜豆,0,0,9500,1,
2014,新竹市,菜豆,1,1,9000,11,
2014,嘉義市,菜豆,1,1,12000,7,
2014,金門縣,菜豆,0,0,16220,3,
2014,連江縣,菜豆,-,-,-,-,
2014,新北市,豌豆,3,3,9516,30,
2014,台北市,豌豆,-,-,-,-,
2014,台中市,豌豆,9,9,7853,69,
2014,台南市,豌豆,0,0,5000,0,
2014,高雄市,豌豆,2,2,7408,14,
2014,宜蘭縣,豌豆,0,0,14250,2,
2014,桃園縣,豌豆,0,0,7167,2,
2014,新竹縣,豌豆,1,1,7199,6,
2014,苗栗縣,豌豆,0,0,7200,2,
2014,彰化縣,豌豆,613,613,7532,4615,
2014,南投縣,豌豆,20,20,10248,200,
2014,雲林縣,豌豆,13,13,7246,97,
2014,嘉義縣,豌豆,10,10,5439,52,
2014,屏東縣,豌豆,0,0,7000,3,
2014,台東縣,豌豆,1,1,7030,7,
2014,花蓮縣,豌豆,3,3,8998,29,
2014,澎湖縣,豌豆,-,-,-,-,
2014,基隆市,豌豆,-,-,-,-,
2014,新竹市,豌豆,-,-,-,-,
2014,嘉義市,豌豆,-,-,-,-,
2014,金門縣,豌豆,0,0,7475,0,
2014,連江縣,豌豆,-,-,-,-,
2014,新北市,毛豆,0,0,4500,0,
2014,台北市,毛豆,-,-,-,-,
2014,台中市,毛豆,4,4,11114,47,
2014,台南市,毛豆,134,134,8958,1200,
2014,高雄市,毛豆,1480,1480,10102,14947,
2014,宜蘭縣,毛豆,-,-,-,-,
2014,桃園縣,毛豆,-,-,-,-,
2014,新竹縣,毛豆,0,0,9111,4,
2014,苗栗縣,毛豆,0,0,9000,0,
2014,彰化縣,毛豆,172,172,8646,1485,
2014,南投縣,毛豆,0,0,7200,0,
2014,雲林縣,毛豆,1399,1399,6404,8958,
2014,嘉義縣,毛豆,642,642,9858,6331,
2014,屏東縣,毛豆,4701,4701,6355,29874,
2014,台東縣,毛豆,-,-,-,-,
2014,花蓮縣,毛豆,-,-,-,-,
2014,澎湖縣,毛豆,-,-,-,-,
2014,基隆市,毛豆,-,-,-,-,
2014,新竹市,毛豆,-,-,-,-,
2014,嘉義市,毛豆,-,-,-,-,
2014,金門縣,毛豆,-,-,-,-,
2014,連江縣,毛豆,-,-,-,-,
2014,新北市,番茄,1,1,10717,11,
2014,台北市,番茄,22,22,17045,367,
2014,台中市,番茄,124,124,20616,2557,
2014,台南市,番茄,896,896,29349,26310,
2014,高雄市,番茄,855,854,27669,23641,
2014,宜蘭縣,番茄,99,99,26254,2596,
2014,桃園縣,番茄,43,43,18251,790,
2014,新竹縣,番茄,41,41,21301,877,
2014,苗栗縣,番茄,243,243,22891,5564,
2014,彰化縣,番茄,412,412,26975,11108,
2014,南投縣,番茄,449,449,27830,12500,
2014,雲林縣,番茄,600,600,27967,16776,
2014,嘉義縣,番茄,1049,1049,22141,23225,
2014,屏東縣,番茄,139,139,24460,3388,
2014,台東縣,番茄,164,163,29123,4757,
2014,花蓮縣,番茄,69,69,13129,910,
2014,澎湖縣,番茄,11,11,9558,103,
2014,基隆市,番茄,-,-,-,-,
2014,新竹市,番茄,0,0,12000,5,
2014,嘉義市,番茄,29,29,19784,579,
2014,金門縣,番茄,0,0,24891,3,
2014,連江縣,番茄,-,-,-,-,
2014,新北市,番椒,2,2,8895,20,
2014,台北市,番椒,9,9,9897,87,
2014,台中市,番椒,102,102,9439,961,
2014,台南市,番椒,169,169,9486,1599,
2014,高雄市,番椒,205,205,10992,2253,
2014,宜蘭縣,番椒,3,3,12379,32,
2014,桃園縣,番椒,8,8,7386,62,
2014,新竹縣,番椒,11,11,12083,136,
2014,苗栗縣,番椒,57,57,8893,504,
2014,彰化縣,番椒,85,85,9304,786,
2014,南投縣,番椒,388,388,15533,6025,
2014,雲林縣,番椒,331,331,13228,4381,
2014,嘉義縣,番椒,563,563,8050,4531,
2014,屏東縣,番椒,399,399,10829,4316,
2014,台東縣,番椒,86,86,8076,692,
2014,花蓮縣,番椒,71,71,9576,682,
2014,澎湖縣,番椒,3,3,6485,22,
2014,基隆市,番椒,0,0,9000,0,
2014,新竹市,番椒,0,0,5350,0,
2014,嘉義市,番椒,7,7,8856,60,
2014,金門縣,番椒,0,0,13400,4,
2014,連江縣,番椒,-,-,-,-,
2014,新北市,洋香瓜,0,0,18050,1,
2014,台北市,洋香瓜,0,0,9500,1,
2014,台中市,洋香瓜,3,3,20375,67,
2014,台南市,洋香瓜,1682,1682,13543,22784,
2014,高雄市,洋香瓜,275,275,13347,3666,
2014,宜蘭縣,洋香瓜,37,37,11776,437,
2014,桃園縣,洋香瓜,23,23,12107,282,
2014,新竹縣,洋香瓜,18,18,9446,175,
2014,苗栗縣,洋香瓜,4,4,15806,64,
2014,彰化縣,洋香瓜,101,101,23827,2410,
2014,南投縣,洋香瓜,1,1,12115,16,
2014,雲林縣,洋香瓜,395,395,18226,7191,
2014,嘉義縣,洋香瓜,381,381,11884,4528,
2014,屏東縣,洋香瓜,34,34,13137,450,
2014,台東縣,洋香瓜,-,-,-,-,
2014,花蓮縣,洋香瓜,-,-,-,-,
2014,澎湖縣,洋香瓜,42,42,10039,425,
2014,基隆市,洋香瓜,-,-,-,-,
2014,新竹市,洋香瓜,-,-,-,-,
2014,嘉義市,洋香瓜,1,1,6500,5,
2014,金門縣,洋香瓜,-,-,-,-,
2014,連江縣,洋香瓜,-,-,-,-,
2014,新北市,西瓜,50,50,14399,715,
2014,台北市,西瓜,-,-,-,-,
2014,台中市,西瓜,424,424,33933,14394,
2014,台南市,西瓜,2272,2272,13241,30082,
2014,高雄市,西瓜,661,661,14851,9814,
2014,宜蘭縣,西瓜,657,657,27989,18391,
2014,桃園縣,西瓜,240,240,12516,3001,
2014,新竹縣,西瓜,54,54,17218,931,
2014,苗栗縣,西瓜,414,414,14384,5962,
2014,彰化縣,西瓜,363,363,24607,8933,
2014,南投縣,西瓜,2,2,18000,36,
2014,雲林縣,西瓜,1558,1558,22851,35606,
2014,嘉義縣,西瓜,631,631,16830,10612,
2014,屏東縣,西瓜,931,931,16940,15772,
2014,台東縣,西瓜,129,129,22772,2926,
2014,花蓮縣,西瓜,2105,2105,25488,53645,
2014,澎湖縣,西瓜,50,50,8530,429,
2014,基隆市,西瓜,-,-,-,-,
2014,新竹市,西瓜,2,2,16000,30,
2014,嘉義市,西瓜,-,-,-,-,
2014,金門縣,西瓜,3,3,17815,50,
2014,連江縣,西瓜,-,-,-,-,
2014,新北市,香瓜,2,2,7506,13,
2014,台北市,香瓜,0,0,7678,1,
2014,台中市,香瓜,32,32,15558,501,
2014,台南市,香瓜,100,100,13165,1318,
2014,高雄市,香瓜,478,478,13112,6264,
2014,宜蘭縣,香瓜,31,31,14116,441,
2014,桃園縣,香瓜,11,11,6803,78,
2014,新竹縣,香瓜,2,2,13939,23,
2014,苗栗縣,香瓜,38,38,7502,288,
2014,彰化縣,香瓜,215,215,18572,3995,
2014,南投縣,香瓜,3,3,11934,34,
2014,雲林縣,香瓜,463,463,16150,7477,
2014,嘉義縣,香瓜,264,264,11391,3012,
2014,屏東縣,香瓜,285,285,12592,3587,
2014,台東縣,香瓜,0,0,14000,4,
2014,花蓮縣,香瓜,1,1,17257,12,
2014,澎湖縣,香瓜,0,0,8044,3,
2014,基隆市,香瓜,-,-,-,-,
2014,新竹市,香瓜,-,-,-,-,
2014,嘉義市,香瓜,-,-,-,-,
2014,金門縣,香瓜,0,0,14643,5,
2014,連江縣,香瓜,-,-,-,-,
2014,新北市,草莓,0,0,3200,0,
2014,台北市,草莓,1,1,11541,12,
2014,台中市,草莓,5,5,12239,56,
2014,台南市,草莓,2,2,12549,31,
2014,高雄市,草莓,2,2,10216,19,
2014,宜蘭縣,草莓,-,-,-,-,
2014,桃園縣,草莓,1,1,6353,5,
2014,新竹縣,草莓,13,13,9371,120,
2014,苗栗縣,草莓,452,452,18894,8541,
2014,彰化縣,草莓,1,1,4411,3,
2014,南投縣,草莓,13,13,13832,185,
2014,雲林縣,草莓,1,1,6253,5,
2014,嘉義縣,草莓,1,1,7714,11,
2014,屏東縣,草莓,-,-,-,-,
2014,台東縣,草莓,2,2,10903,17,
2014,花蓮縣,草莓,3,3,10068,30,
2014,澎湖縣,草莓,-,-,-,-,
2014,基隆市,草莓,-,-,-,-,
2014,新竹市,草莓,-,-,-,-,
2014,嘉義市,草莓,-,-,-,-,
2014,金門縣,草莓,-,-,-,-,
2014,連江縣,草莓,-,-,-,-,
2014,新北市,其他果菜類,250,250,10406,2600,
2014,台北市,其他果菜類,85,85,8798,748,
2014,台中市,其他果菜類,207,206,13909,2863,
2014,台南市,其他果菜類,1373,1373,15721,21579,
2014,高雄市,其他果菜類,1020,1019,14706,14984,
2014,宜蘭縣,其他果菜類,106,106,16137,1708,
2014,桃園縣,其他果菜類,51,51,13467,691,
2014,新竹縣,其他果菜類,48,48,13268,642,
2014,苗栗縣,其他果菜類,174,173,13848,2399,
2014,彰化縣,其他果菜類,513,513,20781,10670,
2014,南投縣,其他果菜類,1414,1414,14978,21172,
2014,雲林縣,其他果菜類,776,774,21305,16499,
2014,嘉義縣,其他果菜類,1259,1258,12471,15693,
2014,屏東縣,其他果菜類,1607,1607,14528,23350,
2014,台東縣,其他果菜類,306,306,16814,5140,
2014,花蓮縣,其他果菜類,489,488,15261,7454,
2014,澎湖縣,其他果菜類,47,47,11065,522,
2014,基隆市,其他果菜類,5,5,9910,46,
2014,新竹市,其他果菜類,7,7,12218,90,
2014,嘉義市,其他果菜類,24,24,14471,349,
2014,金門縣,其他果菜類,3,3,17047,51,
2014,連江縣,其他果菜類,-,-,-,-,
2013,新北市,蘿蔔,85.12,85.12,17222.9910714286,1466.021,
2013,台北市,蘿蔔,79.31,79.31,9156.67633337536,726.216,
2013,台中市,蘿蔔,107.56,107.56,21760.8776496839,2340.6,
2013,台南市,蘿蔔,325.04,325.04,50776.07063746,16504.254,
2013,高雄市,蘿蔔,254.07,254.07,36864.1516117605,9366.075,
2013,宜蘭縣,蘿蔔,28.41,28.41,27462.3724040831,780.206,
2013,桃園縣,蘿蔔,16.06,16.06,17657.4719800747,283.579,
2013,新竹縣,蘿蔔,25.49,25.49,17261.0827775598,439.985,
2013,苗栗縣,蘿蔔,77.4,77.4,15743.2945736434,1218.531,
2013,彰化縣,蘿蔔,343.2,340.44,39561.872870403,13468.444,
2013,南投縣,蘿蔔,183.41,183.41,16356.987078131,3000.035,
2013,雲林縣,蘿蔔,794.76,794.76,46061.3040414716,36607.682,
2013,嘉義縣,蘿蔔,331.61,331.61,39203.4920539188,13000.27,
2013,屏東縣,蘿蔔,27.75,27.75,16613.3333333333,461.02,
2013,台東縣,蘿蔔,17.35,17.35,24308.9337175793,421.76,
2013,花蓮縣,蘿蔔,25.02,25.02,15915.2677857714,398.2,
2013,澎湖縣,蘿蔔,5.46,5.46,9715.56776556777,53.047,
2013,基隆市,蘿蔔,0.43,0.43,9390.6976744186,4.038,
2013,新竹市,蘿蔔,1.92,1.92,13872.3958333333,26.635,
2013,嘉義市,蘿蔔,0,0,0,0,
2013,金門縣,蘿蔔,2.43,2.43,25544.0329218107,62.072,
2013,連江縣,蘿蔔,0,0,0,0,
2013,新北市,胡蘿蔔,5.25,5.25,13688.9523809524,71.867,
2013,台北市,胡蘿蔔,15.2,15.2,11721.7105263158,178.17,
2013,台中市,胡蘿蔔,9.35,9.35,33588.2352941177,314.05,
2013,台南市,胡蘿蔔,617.39,617.19,64810.5283624168,40000.41,
2013,高雄市,胡蘿蔔,1.3,1.3,34784.6153846154,45.22,
2013,宜蘭縣,胡蘿蔔,0.79,0.79,10848.1012658228,8.57,
2013,桃園縣,胡蘿蔔,0.68,0.68,12633.8235294118,8.591,
2013,新竹縣,胡蘿蔔,2.53,2.53,22221.3438735178,56.22,
2013,苗栗縣,胡蘿蔔,0.86,0.86,16046.511627907,13.8,
2013,彰化縣,胡蘿蔔,660.15,660.15,39092.7698250398,25807.092,
2013,南投縣,胡蘿蔔,0,0,0,0,
2013,雲林縣,胡蘿蔔,1145.94,1145.94,40838.7646822696,46798.774,
2013,嘉義縣,胡蘿蔔,3.03,3.03,25402.6402640264,76.97,
2013,屏東縣,胡蘿蔔,0.2,0.2,19500,3.9,
2013,台東縣,胡蘿蔔,0.1,0.1,19370,1.937,
2013,花蓮縣,胡蘿蔔,1.86,1.86,14345.1612903226,26.682,
2013,澎湖縣,胡蘿蔔,7.95,7.95,10286.2893081761,81.776,
2013,基隆市,胡蘿蔔,0,0,0,0,
2013,新竹市,胡蘿蔔,0.15,0.15,8500,1.275,
2013,嘉義市,胡蘿蔔,0,0,0,0,
2013,金門縣,胡蘿蔔,1.15,1.15,24573.9130434783,28.26,
2013,連江縣,胡蘿蔔,0,0,0,0,
2013,新北市,其他根菜類,0.59,0.59,15000,8.85,
2013,台北市,其他根菜類,0,0,0,0,
2013,台中市,其他根菜類,0.52,0.52,23000,11.96,
2013,台南市,其他根菜類,78.85,78.85,19318.8205453393,1523.289,
2013,高雄市,其他根菜類,86.81,86.81,18841.8500172791,1635.661,
2013,宜蘭縣,其他根菜類,0.05,0.05,17000,0.85,
2013,桃園縣,其他根菜類,1.2,1.2,17250,20.7,
2013,新竹縣,其他根菜類,1.72,1.72,8895.3488372093,15.3,
2013,苗栗縣,其他根菜類,0,0,0,0,
2013,彰化縣,其他根菜類,29.46,29.46,17740.3258655804,522.63,
2013,南投縣,其他根菜類,2.58,2.58,12496.1240310078,32.24,
2013,雲林縣,其他根菜類,139.63,139.63,27463.8115018263,3834.772,
2013,嘉義縣,其他根菜類,200.2,200.2,30828.6713286713,6171.9,
2013,屏東縣,其他根菜類,156.52,156.52,21056.6381293125,3295.785,
2013,台東縣,其他根菜類,0,0,0,0,
2013,花蓮縣,其他根菜類,0,0,0,0,
2013,澎湖縣,其他根菜類,0,0,0,0,
2013,基隆市,其他根菜類,0.04,0.04,11000,0.44,
2013,新竹市,其他根菜類,0.2,0.2,15500,3.1,
2013,嘉義市,其他根菜類,0,0,0,0,
2013,金門縣,其他根菜類,0,0,0,0,
2013,連江縣,其他根菜類,0,0,0,0,
2013,新北市,薑,13.28,13.28,19494.3524096386,258.885,
2013,台北市,薑,2.51,2.51,8300,20.833,
2013,台中市,薑,69.31,69.31,17935.9399798009,1243.14,
2013,台南市,薑,2.57,2.57,12000,30.84,
2013,高雄市,薑,30.61,30.61,23658.2816073179,724.18,
2013,宜蘭縣,薑,48.82,48.82,39204.6292503073,1913.97,
2013,桃園縣,薑,8.41,8.41,34021.4030915577,286.12,
2013,新竹縣,薑,26.64,26.64,16928.6786786787,450.98,
2013,苗栗縣,薑,86.82,86.82,20267.4614144206,1759.621,
2013,彰化縣,薑,0.5,0.5,16000,8,
2013,南投縣,薑,221.35,221.35,42211.3169189067,9343.475,
2013,雲林縣,薑,51.25,51.25,27915.1219512195,1430.65,
2013,嘉義縣,薑,54.73,54.73,20621.067056459,1128.591,
2013,屏東縣,薑,10.75,10.75,16742.3255813953,179.98,
2013,台東縣,薑,193.48,193.48,32268.8598304734,6243.379,
2013,花蓮縣,薑,77.6,77.6,17111.7912371134,1327.875,
2013,澎湖縣,薑,0,0,0,0,
2013,基隆市,薑,0,0,0,0,
2013,新竹市,薑,0,0,0,0,
2013,嘉義市,薑,0,0,0,0,
2013,金門縣,薑,0.04,0.04,22100,0.884,
2013,連江縣,薑,0,0,0,0,
2013,新北市,芋,93.56,93.56,10031.2526720821,938.524,
2013,台北市,芋,0.55,0.55,8800,4.84,
2013,台中市,芋,760.76,760.76,17015.4293075346,12944.658,
2013,台南市,芋,79.65,79.65,21586.252354049,1719.345,
2013,高雄市,芋,55.7,55.7,14197.9533213645,790.826,
2013,宜蘭縣,芋,35.5,35.5,16513.661971831,586.235,
2013,桃園縣,芋,5.32,5.32,15910.7142857143,84.645,
2013,新竹縣,芋,21.01,21.01,14837.6963350785,311.74,
2013,苗栗縣,芋,557.97,557.97,14475.4556696597,8076.87,
2013,彰化縣,芋,28.21,28.21,21406.5934065934,603.88,
2013,南投縣,芋,23.97,23.97,14298.0809345015,342.725,
2013,雲林縣,芋,55.52,55.52,20758.7896253602,1152.528,
2013,嘉義縣,芋,96.31,96.31,16131.907382411,1553.664,
2013,屏東縣,芋,425.36,425.36,18052.597799511,7678.853,
2013,台東縣,芋,124.16,124.16,7080.46875,879.111,
2013,花蓮縣,芋,125.59,125.59,16048.642407835,2015.549,
2013,澎湖縣,芋,0.12,0.12,4800,0.576,
2013,基隆市,芋,0.33,0.33,10090.9090909091,3.33,
2013,新竹市,芋,6.28,6.28,12617.9936305732,79.241,
2013,嘉義市,芋,5.5,5.5,10549.0909090909,58.02,
2013,金門縣,芋,15.86,15.86,25043.94703657,397.197,
2013,連江縣,芋,0,0,0,0,
2013,新北市,馬鈴薯,0,0,0,0,
2013,台北市,馬鈴薯,0,0,0,0,
2013,台中市,馬鈴薯,491.88,491.88,21622.8409368139,10635.843,
2013,台南市,馬鈴薯,112.27,112.27,26024.8508060925,2921.81,
2013,高雄市,馬鈴薯,0.05,0.05,15000,0.75,
2013,宜蘭縣,馬鈴薯,0,0,0,0,
2013,桃園縣,馬鈴薯,0,0,0,0,
2013,新竹縣,馬鈴薯,0,0,0,0,
2013,苗栗縣,馬鈴薯,5.8,5.8,22100,128.18,
2013,彰化縣,馬鈴薯,1.46,1.46,23904.1095890411,34.9,
2013,南投縣,馬鈴薯,1.6,1.6,23000,36.8,
2013,雲林縣,馬鈴薯,1116.73,1116.73,26322.1700858757,29394.757,
2013,嘉義縣,馬鈴薯,333.4,333.4,24147.2555488902,8050.695,
2013,屏東縣,馬鈴薯,0,0,0,0,
2013,台東縣,馬鈴薯,0.01,0.01,5000,0.05,
2013,花蓮縣,馬鈴薯,0.1,0.1,17000,1.7,
2013,澎湖縣,馬鈴薯,0,0,0,0,
2013,基隆市,馬鈴薯,0,0,0,0,
2013,新竹市,馬鈴薯,0,0,0,0,
2013,嘉義市,馬鈴薯,6.7,6.7,16000,107.2,
2013,金門縣,馬鈴薯,0.75,0.75,18680,14.01,
2013,連江縣,馬鈴薯,0,0,0,0,
2013,新北市,蔥,103.81,103.81,12134.0911280223,1259.64,
2013,台北市,蔥,9.55,9.55,11203.0366492147,106.989,
2013,台中市,蔥,185.08,185.08,18297.3254808731,3386.469,
2013,台南市,蔥,57.06,57.06,14970.9253417455,854.241,
2013,高雄市,蔥,188.31,188.31,15339.7960809304,2888.637,
2013,宜蘭縣,蔥,609.19,609.19,22737.0705362859,13851.196,
2013,桃園縣,蔥,40.76,40.76,15294.0382728165,623.385,
2013,新竹縣,蔥,43.68,43.68,17175.0457875458,750.206,
2013,苗栗縣,蔥,49.68,49.68,17224.5974235105,855.718,
2013,彰化縣,蔥,1656.37,1646.97,25103.2356387791,41344.276,
2013,南投縣,蔥,17.35,17.35,13337.6945244957,231.409,
2013,雲林縣,蔥,1527.48,1527.48,21980.3388587739,33574.528,
2013,嘉義縣,蔥,86.42,86.42,15918.2365193242,1375.654,
2013,屏東縣,蔥,56.38,56.38,16193.614757006,912.996,
2013,台東縣,蔥,5.09,5.09,15559.5284872299,79.198,
2013,花蓮縣,蔥,29.91,29.91,11750.852557673,351.468,
2013,澎湖縣,蔥,26.01,26.01,7778.31603229527,202.314,
2013,基隆市,蔥,0.46,0.46,9847.82608695652,4.53,
2013,新竹市,蔥,6.48,6.48,16659.8765432099,107.956,
2013,嘉義市,蔥,0,0,0,0,
2013,金門縣,蔥,1.52,1.52,18450.6578947368,28.045,
2013,連江縣,蔥,0,0,0,0,
2013,新北市,蔥頭,0,0,0,0,
2013,台北市,蔥頭,0,0,0,0,
2013,台中市,蔥頭,0,0,0,0,
2013,台南市,蔥頭,1435.25,1435.25,11816.9399059397,16960.263,
2013,高雄市,蔥頭,0.02,0.02,8000,0.16,
2013,宜蘭縣,蔥頭,0.9,0.9,24000,21.6,
2013,桃園縣,蔥頭,0,0,0,0,
2013,新竹縣,蔥頭,0.01,0.01,15000,0.15,
2013,苗栗縣,蔥頭,0,0,0,0,
2013,彰化縣,蔥頭,9.83,9.83,7005.08646998983,68.86,
2013,南投縣,蔥頭,0,0,0,0,
2013,雲林縣,蔥頭,19.57,19.57,10637.9151762902,208.184,
2013,嘉義縣,蔥頭,3.3,3.3,10363.6363636364,34.2,
2013,屏東縣,蔥頭,0,0,0,0,
2013,台東縣,蔥頭,0.5,0.5,7000,3.5,
2013,花蓮縣,蔥頭,0,0,0,0,
2013,澎湖縣,蔥頭,0,0,0,0,
2013,基隆市,蔥頭,0,0,0,0,
2013,新竹市,蔥頭,0,0,0,0,
2013,嘉義市,蔥頭,0,0,0,0,
2013,金門縣,蔥頭,0,0,0,0,
2013,連江縣,蔥頭,0,0,0,0,
2013,新北市,洋蔥,0,0,0,0,
2013,台北市,洋蔥,0,0,0,0,
2013,台中市,洋蔥,0.8,0.8,41500,33.2,
2013,台南市,洋蔥,7.52,7.52,40517.9521276596,304.695,
2013,高雄市,洋蔥,70.32,70.32,51200,3600.384,
2013,宜蘭縣,洋蔥,0,0,0,0,
2013,桃園縣,洋蔥,0,0,0,0,
2013,新竹縣,洋蔥,0,0,0,0,
2013,苗栗縣,洋蔥,0,0,0,0,
2013,彰化縣,洋蔥,248.12,248.12,48355.6182492342,11997.996,
2013,南投縣,洋蔥,0,0,0,0,
2013,雲林縣,洋蔥,199.15,199.15,34884.6899322119,6947.286,
2013,嘉義縣,洋蔥,60.21,60.21,51194.98422189,3082.45,
2013,屏東縣,洋蔥,541.82,541.82,43976.9019231479,23827.565,
2013,台東縣,洋蔥,32,32,45000,1440,
2013,花蓮縣,洋蔥,0,0,0,0,
2013,澎湖縣,洋蔥,0,0,0,0,
2013,基隆市,洋蔥,0,0,0,0,
2013,新竹市,洋蔥,0,0,0,0,
2013,嘉義市,洋蔥,0,0,0,0,
2013,新北市,韭菜,29.77,29.77,12828.4178703393,381.902,
2013,台北市,韭菜,0.05,0.05,4500,0.225,
2013,台中市,韭菜,18.82,18.82,15332.9968119022,288.567,
2013,台南市,韭菜,1.05,1.05,10109.5238095238,10.615,
2013,高雄市,韭菜,6.89,6.89,19965.1669085631,137.56,
2013,宜蘭縣,韭菜,37.49,37.49,15610.7762069885,585.248,
2013,桃園縣,韭菜,92.6,92.4,48887.987012987,4517.25,
2013,新竹縣,韭菜,9.38,9.38,15852.0255863539,148.692,
2013,苗栗縣,韭菜,2.23,2.23,15967.7130044843,35.608,
2013,彰化縣,韭菜,675.12,675.12,50393.9121933878,34021.938,
2013,南投縣,韭菜,1.32,1.32,29727.2727272727,39.24,
2013,雲林縣,韭菜,0.32,0.32,16312.5,5.22,
2013,嘉義縣,韭菜,0.3,0.3,10000,3,
2013,屏東縣,韭菜,14.36,14.36,11574.0947075209,166.204,
2013,台東縣,韭菜,3.23,3.23,18170.2786377709,58.69,
2013,花蓮縣,韭菜,62.34,62.34,16219.9230028874,1011.15,
2013,澎湖縣,韭菜,0,0,0,0,
2013,基隆市,韭菜,0.56,0.56,9517.85714285714,5.33,
2013,新竹市,韭菜,0.31,0.31,14177.4193548387,4.395,
2013,嘉義市,韭菜,0,0,0,0,
2013,新北市,蒜,32.44,32.44,12762.5462392109,414.017,
2013,台北市,蒜,0.9,0.9,1133.33333333333,1.02,
2013,台中市,蒜,2.23,2.23,17581.6143497758,39.207,
2013,台南市,蒜,0.21,0.21,20000,4.2,
2013,高雄市,蒜,4.37,4.37,17628.3752860412,77.036,
2013,宜蘭縣,蒜,173.31,173.31,21190.3929375108,3672.507,
2013,桃園縣,蒜,1.18,1.18,13777.9661016949,16.258,
2013,新竹縣,蒜,12.53,12.53,15522.7454110136,194.5,
2013,苗栗縣,蒜,9.24,9.24,10844.1558441558,100.2,
2013,彰化縣,蒜,107.32,107.32,17655.795751025,1894.82,
2013,南投縣,蒜,170.05,170.05,12736.6068803293,2165.86,
2013,雲林縣,蒜,272.5,272.5,20223.9486238532,5511.026,
2013,嘉義縣,蒜,14.51,14.51,15891.7987594762,230.59,
2013,屏東縣,蒜,0.05,0.05,17000,0.85,
2013,台東縣,蒜,8.21,8.21,17722.4116930572,145.501,
2013,花蓮縣,蒜,8.96,8.96,11119.4196428571,99.63,
2013,澎湖縣,蒜,2.96,2.96,10504.7297297297,31.094,
2013,基隆市,蒜,0.04,0.04,10075,0.403,
2013,新竹市,蒜,0.57,0.57,13314.0350877193,7.589,
2013,嘉義市,蒜,0,0,0,0,
2013,新北市,蒜頭,0,0,0,0,
2013,台北市,蒜頭,0,0,0,0,
2013,台中市,蒜頭,0.18,0.18,7000,1.26,
2013,台南市,蒜頭,288.17,288.17,8014.43592323975,2309.52,
2013,高雄市,蒜頭,0.03,0.03,6700,0.201,
2013,宜蘭縣,蒜頭,0,0,0,0,
2013,桃園縣,蒜頭,0,0,0,0,
2013,新竹縣,蒜頭,0,0,0,0,
2013,苗栗縣,蒜頭,0,0,0,0,
2013,彰化縣,蒜頭,193.54,193.54,8146.2230029968,1576.62,
2013,南投縣,蒜頭,0,0,0,0,
2013,雲林縣,蒜頭,4004.15,4004.15,9940.56516364272,39803.514,
2013,嘉義縣,蒜頭,18.62,18.62,10181.149301826,189.573,
2013,屏東縣,蒜頭,0.1,0.1,7000,0.7,
2013,台東縣,蒜頭,1.28,1.28,6515.625,8.34,
2013,花蓮縣,蒜頭,0,0,0,0,
2013,澎湖縣,蒜頭,0,0,0,0,
2013,基隆市,蒜頭,0,0,0,0,
2013,新竹市,蒜頭,0,0,0,0,
2013,嘉義市,蒜頭,0,0,0,0,
2013,金門縣,蒜頭,0.91,0.91,4584.61538461538,4.172,
2013,連江縣,蒜頭,0,0,0,0,
2013,新北市,荸薺,0,0,0,0,
2013,台北市,荸薺,0,0,0,0,
2013,台中市,荸薺,0,0,0,0,
2013,台南市,荸薺,1.8,1.8,18000,32.4,
2013,高雄市,荸薺,0,0,0,0,
2013,宜蘭縣,荸薺,0,0,0,0,
2013,桃園縣,荸薺,0.02,0.02,10000,0.2,
2013,新竹縣,荸薺,0,0,0,0,
2013,苗栗縣,荸薺,0,0,0,0,
2013,彰化縣,荸薺,3.8,3.8,18815.7894736842,71.5,
2013,南投縣,荸薺,0,0,0,0,
2013,雲林縣,荸薺,0,0,0,0,
2013,嘉義縣,荸薺,5.57,5.57,16256.7324955117,90.55,
2013,屏東縣,荸薺,0,0,0,0,
2013,台東縣,荸薺,0,0,0,0,
2013,花蓮縣,荸薺,0,0,0,0,
2013,澎湖縣,荸薺,0,0,0,0,
2013,基隆市,荸薺,0,0,0,0,
2013,新竹市,荸薺,0,0,0,0,
2013,嘉義市,荸薺,0,0,0,0,
2013,金門縣,荸薺,0,0,0,0,
2013,連江縣,荸薺,0,0,0,0,
2013,新北市,竹筍,3171.96,3148.2,4644.27196493234,14621.097,
2013,台北市,竹筍,885.43,885.43,3929.95267835967,3479.698,
2013,台中市,竹筍,973.84,967.84,9691.93668374938,9380.244,
2013,台南市,竹筍,3853.19,3848.98,10309.1938643485,39679.881,
2013,高雄市,竹筍,1699.95,1695.85,12317.7698499278,20889.09,
2013,宜蘭縣,竹筍,251.81,251.81,12283.4597513999,3093.098,
2013,桃園縣,竹筍,984.79,972.09,5143.74594944913,5000.184,
2013,新竹縣,竹筍,421.7,421.7,6784.34906331515,2860.96,
2013,苗栗縣,竹筍,551.48,551.48,11679.5350692682,6441.03,
2013,彰化縣,竹筍,345.35,342.15,16964.9773491159,5804.567,
2013,南投縣,竹筍,2336.99,2336.99,10551.1461324182,24657.923,
2013,雲林縣,竹筍,3933.83,3932.03,21597.2322184724,84920.965,
2013,嘉義縣,竹筍,4821.01,4821.01,6779.78120767225,32685.393,
2013,屏東縣,竹筍,452.58,452.52,12674.1447891806,5735.304,
2013,台東縣,竹筍,242.13,241.93,6154.0569586244,1488.851,

